,close,change,stock_volatility,stock_momentum,index_volatility,index_momentum,sector_momentum
0,290.850006,0.010314595,,,,,0.4
1,293.850006,-0.01020929,,,,,0.6
2,290.850006,0.000171869,,,,,0.6
3,290.899994,0.009453421,,,,,0.4
4,293.649994,0.016686511,0.005283421200000001,0.2,0.006761578000000001,0.0,0.6
5,298.549988,-0.012560711,0.0007083600000000005,0.4,0.004434613,0.0,0.8
6,294.799988,0.001356934,0.0030216048,0.2,0.000768983,0.2,0.8
7,295.200012,-0.007283279,0.0015305752000000002,0.4,0.00025226700000000003,0.2,0.6
8,293.049988,-0.006654093000000001,-0.0016909276,0.6,-0.002522983,0.4,0.6
9,291.100006,-0.00979047,-0.006986323800000001,0.8,-0.002602517,0.4,0.6
10,288.25,-0.011968818999999999,-0.0068679454000000004,0.8,1.83e-05,0.4,0.6
11,284.799988,-0.013693799999999999,-0.009878092199999999,1.0,0.002522952,0.2,0.4
12,280.899994,0.024207968,-0.003579842799999999,0.8,-0.000568626,0.4,0.4
13,287.700012,-0.014946186,-0.005238261399999999,0.8,0.001190811,0.4,0.6
14,283.399994,-0.0074100419999999995,-0.004762175799999999,0.8,6.82e-05,0.6,0.6
15,281.299988,-0.001066434,-0.0025816987999999993,0.8,-0.0028771770000000003,0.8,0.6
16,281.0,-0.025622818999999998,-0.0049675026,0.8,-0.001948466,0.8,0.6
17,273.799988,-0.036888154,-0.017186727,1.0,-0.0014617520000000002,0.8,0.6
18,263.700012,-0.006067523000000001,-0.0154109944,1.0,0.00039968400000000003,0.6,0.6
19,262.100006,-0.011636848,-0.0162563556,1.0,3.78e-05,0.6,0.6
20,259.049988,0.010036696,-0.0140357296,0.8,0.001044021,0.4,0.6
21,261.649994,0.0,-0.008911165799999999,0.6,0.000720218,0.4,0.8
22,261.649994,0.0,-0.0015335349999999997,0.4,0.001123844,0.4,0.8
23,261.649994,-0.026371084,-0.0055942472,0.4,-0.0016345910000000001,0.6,0.6
24,254.75,-0.0007850719999999999,-0.0034238920000000004,0.4,-0.0026295579999999997,0.6,0.4
25,254.55000299999998,0.001767814,-0.005077668400000001,0.4,-0.0027543990000000003,0.6,0.2
26,255.0,0.005882353000000001,-0.0039011978,0.4,-0.006190608,0.8,0.2
27,256.5,0.015789426999999998,-0.0007433124000000007,0.4,-0.003630328,0.6,0.4
28,260.549988,0.003838035,0.005298511399999999,0.2,-0.00081113,0.4,0.4
29,261.549988,-0.015675688,0.0023203881999999993,0.2,0.00154581,0.2,0.6
30,257.450012,0.000582614,0.0020833481999999993,0.2,-0.000339173,0.4,0.6
31,257.600006,0.02270965,0.005448807599999999,0.2,0.001290757,0.4,0.4
32,263.450012,-0.025052214,-0.0027195205999999998,0.4,-0.001980597,0.6,0.2
33,256.850006,0.004087942,-0.0026695392,0.4,-0.003127762,0.8,0.2
34,257.899994,0.013377325,0.0031410634000000005,0.2,-0.004038981,1.0,0.0
35,261.350006,-0.006122081,0.0018001244000000007,0.4,-0.0051779320000000005,1.0,0.0
36,259.75,-0.007892158,-0.004320237199999999,0.6,-0.006936628,1.0,0.2
37,257.700012,0.04326734,0.009343673600000001,0.4,-0.005060202,0.8,0.2
38,268.850006,0.031988119,0.014923709000000002,0.4,-0.005126928,0.8,0.4
39,277.450012,-0.017120201,0.008824203800000001,0.6,-0.005598849,0.8,0.4
40,272.700012,0.03327826,0.016704272,0.4,-0.005498669,0.8,0.4
41,281.774994,-0.018099569,0.014662789800000001,0.4,-0.004430282,0.8,0.2
42,276.674988,0.01490919,0.0089911598,0.4,-0.0045812679999999995,0.8,0.4
43,280.799988,0.035388221,0.0096711802,0.4,-0.003956998,0.6,0.4
44,290.737,-0.005802536,0.0119347132,0.4,-0.001943976,0.4,0.4
45,289.049988,-0.017256448,0.0018277716000000012,0.6,-0.001313651,0.4,0.6
46,284.06201200000004,-0.011085671,0.003230551200000001,0.6,-3.9899999999999994e-05,0.4,0.6
47,280.91299399999997,-0.006275965,-0.001006479799999999,0.8,-0.0013104660000000001,0.6,0.4
48,279.149994,-0.023510615,-0.012786246999999997,1.0,-0.004283070999999999,0.8,0.2
49,272.58700600000003,0.03343155,-0.004939429799999998,0.8,-0.0044196999999999995,0.8,0.2
50,281.700012,0.001331203,-0.0012218995999999983,0.6,-0.001225338,0.6,0.2
51,282.075012,-0.002658867,0.0004634612000000017,0.6,-0.000788223,0.4,0.2
52,281.325012,-0.000266638,0.0016653266000000017,0.6,0.0018086229999999999,0.2,0.4
53,281.25,-0.005198244,0.005327800800000002,0.6,0.00531088,0.0,0.4
54,279.78799399999997,-0.0009399969999999999,-0.0015465085999999983,0.8,0.005627121,0.0,0.6
55,279.524994,0.002414875,-0.001329774199999998,0.8,0.006357724,0.0,0.6
56,280.200012,-0.003747387,-0.0015474781999999978,0.8,0.005828408,0.2,0.6
57,279.149994,-0.010076976999999999,-0.003509545999999998,0.8,0.001923953,0.4,0.6
58,276.33700600000003,0.00760297,-0.000949303199999998,0.6,0.00045985800000000005,0.6,0.8
59,278.43798799999996,0.0008081010000000001,-0.000599683599999998,0.4,-0.0008875710000000001,0.8,0.8
60,278.66299399999997,-0.006326638000000001,-0.002347986199999998,0.6,-0.004337779,1.0,0.8
61,276.899994,-0.016114143,-0.004821337399999999,0.6,-0.007520323000000001,1.0,1.0
62,272.43798799999996,-0.010600577,-0.004926057399999998,0.6,-0.005196852,0.8,1.0
63,269.549988,-0.011827075,-0.008812066399999997,0.8,-0.004617085,0.6,1.0
64,266.362,-0.004786696,-0.009931025799999996,1.0,-0.00204387,0.4,1.0
65,265.08700600000003,-0.0048097190000000005,-0.009627641999999995,1.0,0.00039198300000000004,0.2,0.8
66,263.81201200000004,-0.000564864,-0.006517786199999995,1.0,0.003362773,0.2,0.6
67,263.66299399999997,-0.014366802,-0.007271031199999995,1.0,0.005040156,0.2,0.6
68,259.875,-0.025108202000000003,-0.009927256599999995,1.0,0.005580542,0.2,0.6
69,253.350006,0.024716771000000002,-0.004026563199999994,0.8,0.002346576,0.4,0.6
70,259.612,-0.031054022999999997,-0.009275423999999994,0.8,0.001029766,0.6,0.8
71,251.55000299999998,0.003430694,-0.008476312399999995,0.6,0.001093824,0.6,1.0
72,252.412994,-0.020058349,-0.009614621799999995,0.6,-0.000655354,0.8,0.8
73,247.350006,-0.052302453,-0.015053471999999995,0.6,-0.004112221,1.0,0.6
74,234.412994,0.051669491,-0.009662927999999996,0.6,-0.002042356,0.8,0.4
75,246.524994,-0.008976769,-0.005247477199999997,0.6,-0.0015165279999999998,0.6,0.4
76,244.311996,0.00997906,-0.003937803999999997,0.6,-0.000623186,0.4,0.2
77,246.75,-0.01048432,-0.0020229981999999973,0.6,-0.001535404,0.4,0.4
78,244.162994,-0.003993193,0.007638853800000003,0.6,0.000643598,0.4,0.4
79,243.188004,0.000612703,-0.0025725037999999962,0.6,-0.0012499289999999999,0.6,0.4
80,243.337006,0.003238283,-0.0001294933999999963,0.4,-0.002770941,0.8,0.2
81,244.125,0.000155633,-0.0020941787999999963,0.4,-0.001137503,0.8,0.4
82,244.162994,0.003378944,0.0006784740000000039,0.2,,0.6,0.4
83,244.98800699999998,0.012853633,0.004047839200000004,0.0,,0.4,0.6
84,248.13699300000002,-0.002413985,0.003442501600000004,0.2,,0.4,0.8
85,247.537994,-0.00788157,0.001218531000000004,0.4,,0.4,0.8
86,245.587006,-0.003966004,0.00039420360000000387,0.6,,0.6,0.8
87,244.61300699999998,0.00168424,5.526280000000385e-05,0.6,,0.8,0.6
88,245.024994,-0.014080183999999999,-0.005331500599999995,0.8,-0.001990031,0.8,0.4
89,241.57499700000002,0.034618678,0.0020750320000000044,0.6,0.001735525,0.6,0.2
90,249.938004,0.022353502999999997,0.008122046600000004,0.4,0.0034955679999999997,0.4,0.2
91,255.524994,-0.016581548,0.005598937800000004,0.4,0.00335368,0.4,0.2
92,251.287994,0.013578058,0.007977701400000004,0.4,0.004217302,0.4,0.4
93,254.69999700000002,-0.019140165,0.006965705200000003,0.4,0.000997206,0.6,0.6
94,249.82499700000002,0.016663705,0.0033747106000000028,0.4,-0.002936854,0.8,0.8
95,253.98800699999998,-0.025394951000000002,-0.0061749801999999975,0.6,-0.004221594,1.0,1.0
96,247.537994,-0.006213163000000001,-0.004101303199999998,0.6,-0.006663051,1.0,0.8
97,246.0,-0.004268305,-0.007670575799999998,0.8,-0.007440751,1.0,0.6
98,244.94999700000002,0.020514428,0.0002603428000000019,0.6,-0.002004204,0.8,0.4
99,249.975006,-0.004948491,-0.004062096399999998,0.8,-0.0034778409999999997,0.8,0.4
100,248.73800699999998,0.014469035,0.0039107008000000025,0.6,0.000950892,0.6,0.4
101,252.337006,-0.004458323,0.004261668800000003,0.6,0.006067212,0.4,0.6
102,251.212006,-0.019999052,0.0011155194000000029,0.6,0.007480221,0.2,0.8
103,246.188004,-0.010967216,-0.005180809399999997,0.8,0.00343776,0.4,0.8
104,243.48800699999998,-0.03003435,-0.010197981199999998,0.8,0.004836785,0.4,0.8
105,236.17500299999998,-0.014607799,-0.016013348,1.0,-0.000983729,0.6,0.8
106,232.725006,0.0056418,-0.013993323399999999,0.8,-0.0033962059999999997,0.8,0.8
107,234.037994,0.020505269,-0.005892459199999999,0.6,-0.004725264,1.0,0.6
108,238.837006,-0.035639406,-0.0108268972,0.6,-0.0065131519999999995,1.0,0.6
109,230.32499700000002,0.022958906,-0.00022824599999999863,0.4,-0.004788616,0.8,0.4
110,235.61300699999998,0.022757653,0.007244844400000001,0.2,-0.0013375379999999999,0.6,0.4
111,240.975006,0.035945582999999996,0.013305601,0.2,0.0014806770000000001,0.4,0.4
112,249.63699300000002,-0.019977003,0.005209146600000001,0.4,0.0010387130000000001,0.4,0.6
113,244.649994,-0.009347995,0.010467428800000001,0.4,0.001728894,0.4,0.6
114,242.36300699999998,0.004332290999999999,0.0067421058,0.4,-0.00042481800000000004,0.6,0.8
115,243.412994,0.004929946,0.0031765644000000003,0.4,-0.0013670070000000002,0.6,0.8
116,244.61300699999998,-0.008589134,-0.005730378999999999,0.6,-0.005274564,0.8,0.6
117,242.51199300000002,0.004638946,-0.0008071891999999997,0.4,-0.001800507,0.6,0.6
118,243.63699300000002,0.001539175,0.0013702448000000003,0.2,-0.00032475900000000004,0.4,0.8
119,244.01199300000002,-0.001381039,0.00022757880000000042,0.4,-0.000854455,0.4,0.8
120,243.67500299999998,-0.002462321,-0.0012508745999999997,0.6,-0.001085662,0.6,0.6
121,243.07499700000002,-0.01758714,-0.0030504758,0.6,0.001361038,0.4,0.6
122,238.80000299999998,0.035335025,0.0030887400000000004,0.6,-0.003874355,0.6,0.6
123,247.23800699999998,0.004699872,0.0037208794000000004,0.6,-0.004005283,0.6,0.6
124,248.399994,-0.011171473999999999,0.0017627924000000006,0.6,-0.006338399999999999,0.6,0.6
125,245.625,0.00610687,0.003476630600000001,0.4,-0.005195862,0.4,0.6
126,247.125,-0.027010634,0.0015919318000000016,0.4,-0.010055887,0.6,0.8
127,240.44999700000002,-0.006392194,-0.006753511999999998,0.6,-0.0048934,0.4,0.8
128,238.912994,-0.030609419,-0.013815370199999996,0.8,-0.0030395229999999997,0.4,0.6
129,231.600006,0.0009714639999999999,-0.011386782599999996,0.6,-0.000940373,0.4,0.4
130,231.82499700000002,0.042381094,-0.004131937799999995,0.6,-2.84e-05,0.4,0.4
131,241.649994,0.002950602,0.001860309400000005,0.4,0.005418555,0.2,0.4
132,242.36300699999998,0.0,0.003138748200000005,0.2,0.006428136,0.2,0.4
133,242.36300699999998,-0.012687633,0.006723105400000004,0.2,0.0069756209999999996,0.2,0.6
134,239.287994,0.00281674,0.007092160600000004,0.2,0.007135185,0.2,0.6
135,239.962006,-0.011405972,-0.0036652525999999962,0.4,0.004433669,0.4,0.6
136,237.225006,-0.010272998,-0.006309972599999996,0.6,-0.001246781,0.6,0.4
137,234.787994,0.009259468,-0.004458078999999997,0.6,0.000256913,0.6,0.4
138,236.962006,0.018045091,0.0016884658000000032,0.4,-0.005304005,0.8,0.2
139,241.23800699999998,-0.012904297,-0.001455741599999997,0.6,-0.003026305,0.6,0.4
140,238.125,0.024566954,0.005738843600000003,0.4,-0.002876042,0.6,0.4
141,243.975006,0.001077983,0.008009039800000003,0.2,0.007148825,0.4,0.4
142,244.23800699999998,0.005678858,0.007292917800000004,0.2,0.007630357,0.4,0.4
143,245.625,0.008093666999999999,0.005302633000000004,0.2,0.013435227,0.2,0.4
144,247.61300699999998,-0.018629906,0.0041575112000000036,0.2,0.011108318,0.4,0.4
145,243.0,-0.015588453,-0.0038735701999999955,0.4,0.012580859,0.2,0.4
146,239.212006,0.00094476,-0.003900214799999996,0.4,0.008487556,0.2,0.6
147,239.438004,0.02834555,0.0006331236000000042,0.4,0.003847399,0.2,0.6
148,246.225006,0.013402327,0.0016948556000000044,0.4,-0.0007243960000000001,0.4,0.6
149,249.524994,0.007514277,0.006923692200000005,0.2,0.0038940109999999997,0.2,0.6
150,251.399994,-0.007458234,0.008549736000000006,0.2,0.00466999,0.2,0.6
151,249.524994,-0.00044885300000000003,0.008271013400000004,0.4,0.0040739090000000006,0.2,0.6
152,249.412994,-0.007970679,0.0010077676000000042,0.6,0.005579751,0.2,0.6
153,247.42500299999998,0.00090933,-0.001490831799999996,0.6,0.009803875,0.0,0.8
154,247.649994,-0.004393289,-0.003872344999999996,0.8,0.004076231,0.2,0.6
155,246.561996,-0.01460075,-0.005300848199999995,0.8,0.000988998,0.4,0.8
156,242.962006,0.0032432809999999998,-0.0045624213999999955,0.6,0.002864312,0.4,0.8
157,243.75,-0.000923102,-0.0031529059999999957,0.6,0.003751788,0.4,0.8
158,243.524994,-0.010779181,-0.005490608199999995,0.8,0.00043483199999999996,0.6,0.6
159,240.899994,-0.007318394000000001,-0.006075629199999995,0.8,0.001919172,0.6,0.8
160,239.13699300000002,-0.017249527,-0.006605384599999995,0.8,0.00412404,0.4,0.6
161,235.01199300000002,-0.015956632,-0.010445367199999995,1.0,0.002532834,0.4,0.6
162,231.26199300000002,-0.023021461,-0.014865038999999993,1.0,0.0015873620000000001,0.4,0.6
163,225.938004,-0.007639255,-0.014237053799999993,1.0,0.002424839,0.4,0.6
164,224.212006,-0.0073591509999999995,-0.014245205199999991,1.0,0.003722758,0.2,0.6
165,222.561996,-0.0038730740000000002,-0.011569914599999991,1.0,0.0037644640000000004,0.2,0.8
166,221.69999700000002,0.0008434639999999999,-0.008209895399999992,0.8,0.001894126,0.4,0.6
167,221.88699300000002,-0.012501796,-0.006105962399999993,0.8,-0.0021074270000000003,0.6,0.6
168,219.11300699999998,-0.008219553000000001,-0.006222021999999993,0.8,-0.00160018,0.4,0.8
169,217.311996,-0.0027609609999999997,-0.005302383999999993,0.8,-0.00206343,0.6,0.6
170,216.712006,-0.013492617,-0.007226292599999994,0.8,-0.003191566,0.8,0.6
171,213.787994,-0.017540741999999998,-0.010903133799999994,1.0,-0.003800838,0.8,0.8
172,210.037994,-0.002147173,-0.008832209199999993,1.0,-0.0029883509999999998,0.8,0.8
173,209.587006,0.020044124,-0.0031794737999999933,0.8,-0.002553021,0.8,0.8
174,213.787994,-0.011230757,-0.004873432999999994,0.8,-0.003736239,0.8,1.0
175,211.38699300000002,-0.010643985,-0.004303706599999994,0.8,-0.0021063279999999998,0.6,0.8
176,209.136993,-0.000535529,-0.0009026639999999946,0.8,1.7e-05,0.4,0.6
177,209.024994,-0.0007175889999999999,-0.0006167471999999947,0.8,0.001150318,0.4,0.6
178,208.875,-0.003772563,-0.005380084599999994,1.0,-0.0007865410000000001,0.6,0.4
179,208.087006,-0.0014369570000000002,-0.003421324599999995,1.0,0.0005600080000000001,0.6,0.4
180,207.787994,0.003426598,-0.0006072079999999948,0.8,-0.0012008160000000002,0.8,0.4
181,208.5,0.00395682,0.00029126180000000506,0.6,-0.003965624,1.0,0.6
182,209.324997,-0.006272562,-0.0008197327999999948,0.6,-0.0017994060000000001,0.8,0.6
183,208.011993,-0.003422831,-0.0007497863999999947,0.6,-0.000560213,0.6,0.6
184,207.300003,-0.01175589,-0.0028135729999999946,0.6,-0.001169668,0.6,0.6
185,204.863007,0.004939852,-0.0025109221999999945,0.6,-0.0014356929999999998,0.6,0.6
186,205.875,-0.011293246000000002,-0.005560935399999994,0.8,-0.001361086,0.6,0.4
187,203.550003,0.01215913,-0.0018745969999999946,0.6,-0.00379858,0.8,0.2
188,206.024994,-0.006372955,-0.0024646217999999944,0.6,-0.003938817,0.8,0.2
189,204.712006,0.012822891999999999,0.002451134600000005,0.4,-0.004178124,0.8,0.2
190,207.337006,0.023695692999999997,0.006202302800000005,0.4,-0.0047952640000000005,0.8,0.2
191,212.25,0.009894021,0.010439756200000004,0.2,-0.0037905779999999997,0.8,0.4
192,214.350006,-0.00349895,0.007308140200000005,0.4,-0.00273216,0.6,0.6
193,213.600006,-0.0031601259999999996,0.007950706000000005,0.4,-0.002270775,0.6,0.8
194,212.92500299999998,-0.002817922,0.004822543200000005,0.6,-0.002674338,0.6,0.8
195,212.32499700000002,-0.007950095,-0.0015066143999999948,0.8,0.00017119599999999998,0.4,0.8
196,210.63699300000002,-0.004984818,-0.004482382199999994,1.0,0.001213811,0.2,0.8
197,209.587006,-0.026299383,-0.009042468799999995,1.0,-0.000571366,0.4,0.8
198,204.074997,-0.005512679,-0.009512979399999994,1.0,-0.001093248,0.6,0.8
199,202.949997,-0.020881946999999998,-0.013125784399999996,1.0,-0.00152336,0.6,0.8
200,198.712006,-0.008112243,-0.013158213999999996,1.0,-0.004502673,0.8,0.8
201,197.100006,0.004946682,-0.011171913999999995,0.8,-0.005005875,1.0,0.6
202,198.074997,-0.008143335,-0.0075407043999999954,0.8,-0.0032720170000000003,0.8,0.6
203,196.462006,-0.000188347,-0.006475837999999995,0.8,-0.004552758,0.8,0.6
204,196.425003,-0.004963757,-0.003292199999999995,0.8,-0.003625325,0.8,0.6
205,195.449997,0.0034535840000000004,-0.000979034599999995,0.6,-0.001076768,0.6,0.6
206,196.125,-0.016826018999999998,-0.005333574799999995,0.8,-0.002988677,0.6,0.8
207,192.824997,-0.004081437,-0.004521195199999994,0.8,-0.001809134,0.6,0.8
208,192.037994,0.0060509019999999995,-0.0032733453999999945,0.6,0.001322785,0.4,0.8
209,193.199997,-0.000388183,-0.002358230599999995,0.6,0.001994632,0.4,0.8
210,193.125,0.002915231,-0.002465901199999995,0.6,0.002028769,0.4,0.8
211,193.688004,0.001548898,0.0012090822000000046,0.4,0.0028734859999999997,0.4,0.6
212,193.988007,0.004056885,0.0028367466000000048,0.2,0.0018953370000000002,0.4,0.4
213,194.774994,0.005005807,0.0026277276000000044,0.2,-0.001080356,0.6,0.2
214,195.75,0.018196659,0.006344696000000006,0.0,0.0007134639999999999,0.4,0.2
215,199.311996,0.00432993,0.006627635800000006,0.0,-5.98e-05,0.4,0.2
216,200.175003,-0.001873361,0.005943184000000007,0.2,0.001254141,0.4,0.4
217,199.800003,0.009009024000000001,0.006933611800000008,0.2,0.001578108,0.4,0.6
218,201.600006,-0.008745039,0.004183442600000009,0.4,0.0024666479999999997,0.4,0.8
219,199.837006,-0.007691283,-0.0009941457999999917,0.6,-0.000233822,0.6,0.8
220,198.300003,-0.001512874,-0.002162706599999992,0.8,-0.000922229,0.8,1.0
221,198.0,0.002272712,-0.0013334919999999917,0.6,-0.000730823,0.6,1.0
222,198.449997,-0.020216644,-0.007178625599999991,0.8,-0.0031856259999999996,0.8,0.8
223,194.438004,-0.015429082,-0.008515434199999991,0.8,-0.0046432109999999995,0.8,0.8
224,191.438004,0.019196831,-0.003137811399999991,0.6,-0.0029447220000000003,0.6,0.6
225,195.113007,0.001727153,-0.002489805999999991,0.4,-0.0013129489999999999,0.4,0.6
226,195.449997,0.004988519,-0.0019466445999999909,0.4,-0.000578939,0.4,0.4
227,196.425003,-0.00401176,0.001294332200000009,0.4,-0.001293382,0.4,0.6
228,195.636993,0.008244898,0.0060291282000000095,0.2,0.000776423,0.2,0.4
229,197.25,0.001140715,0.0024179050000000084,0.2,0.001150098,0.2,0.4
230,197.475006,0.004937288,0.0030599320000000087,0.2,-0.001686244,0.4,0.4
231,198.449997,-0.000947362,0.0018727558000000085,0.4,-0.004155061,0.6,0.4
232,198.261993,-0.00340452,0.0019942038000000085,0.4,-0.0034744579999999997,0.6,0.4
233,197.587006,0.005693694,0.0014839630000000083,0.4,-0.0017922729999999998,0.6,0.6
234,198.712006,-0.000377496,0.0011803208000000082,0.6,-0.003212978,0.8,0.6
235,198.636993,0.015294281000000002,0.003251719400000008,0.6,-0.000134885,0.6,0.4
236,201.675003,0.035140647000000004,0.01046932120000001,0.4,0.0032157859999999996,0.4,0.6
237,208.761993,-0.013110618999999999,0.00852810140000001,0.4,0.005897512,0.2,0.6
238,206.024994,-0.01346921,0.00469552060000001,0.6,0.004989429,0.2,0.4
239,203.25,0.004979055,0.0057668308000000095,0.4,0.005457002,0.0,0.6
240,204.261993,0.001106491,0.00292927280000001,0.4,0.00393947,0.2,0.6
241,204.488007,-0.008073828,-0.005713622199999991,0.6,0.000645877,0.4,0.6
242,202.837006,-0.00073459,-0.003238416399999991,0.6,2.1899999999999997e-05,0.4,0.4
243,202.688004,0.009245698,0.0013045652000000091,0.4,-0.001554265,0.6,0.4
244,204.561996,0.00733274,0.001775302200000009,0.4,-0.0016851289999999998,0.8,0.2
245,206.061996,-0.017649994,-0.0019759947999999907,0.6,-0.0034984129999999997,0.8,0.2
246,202.425003,0.005740411999999999,0.0007868532000000093,0.4,-0.000677164,0.6,0.0
247,203.587006,0.01510896,0.003955563200000009,0.2,-0.000427425,0.6,0.2
248,206.662994,0.01160828,0.004428079600000009,0.2,0.000415034,0.4,0.2
249,209.061996,-0.009322541,0.0010970234000000087,0.4,-0.000418264,0.4,0.4
250,207.113007,0.018825404,0.008392103000000008,0.2,3.34e-06,0.4,0.6
251,211.01199300000002,0.020619747,0.01136797000000001,0.2,-0.002043184,0.6,0.6
252,215.36300699999998,-0.000701146,0.008205948800000012,0.4,-0.001933584,0.6,0.6
253,215.212006,0.036243271,0.013132947000000011,0.4,-0.002889707,0.8,0.8
254,223.01199300000002,0.0023586220000000003,0.015469179600000013,0.2,-0.0024036870000000003,0.8,0.8
255,223.537994,-0.018793172,0.007945464400000013,0.4,-0.0009864960000000001,0.6,0.6
256,219.337006,0.0006884430000000001,0.003959203600000012,0.4,-0.000836632,0.6,0.6
257,219.48800699999998,-0.026999247,-0.001300416599999988,0.4,-0.0012378410000000002,0.6,0.4
258,213.561996,0.018088457,-0.0049313793999999885,0.4,-0.001065015,0.6,0.4
259,217.42500299999998,0.014662546,-0.002470594599999988,0.4,-0.001581897,0.6,0.4
260,220.61300699999998,-0.024821809,-0.003676321999999988,0.4,-0.0020244160000000002,0.8,0.6
261,215.13699300000002,-0.004006745,-0.004615359599999988,0.6,-0.0020778660000000003,0.8,0.8
262,214.274994,0.001050081,0.0009945060000000124,0.4,-0.002791445,1.0,0.8
263,214.5,-0.003319375,-0.003287060399999987,0.6,-0.002845902,1.0,0.6
264,213.787994,-0.003863585,-0.0069922865999999875,0.8,-0.0028589229999999998,1.0,0.6
265,212.962006,0.008104723000000001,-0.00040698019999998726,0.6,-0.002564913,1.0,0.4
266,214.688004,-0.016246865,-0.0028550041999999875,0.6,-0.005582394,1.0,0.2
267,211.19999700000002,0.008167642,-0.0014314919999999873,0.6,-0.002993891,0.8,0.4
268,212.92500299999998,0.020255976999999998,0.0032835784000000124,0.4,-0.0032017190000000004,0.8,0.4
269,217.23800699999998,-0.029345694,-0.0018128433999999873,0.4,-0.004202922,0.8,0.4
270,210.86300699999998,-0.025253424,-0.008484472799999988,0.6,-0.002684914,0.6,0.4
271,205.537994,-0.00018485099999999998,-0.005272069999999988,0.6,7.55e-05,0.6,0.6
272,205.5,0.03887108,0.0008686176000000122,0.6,-0.004844722,0.8,0.4
273,213.48800699999998,0.013345006999999999,-0.0005135763999999876,0.6,-0.0018621389999999999,0.6,0.4
274,216.337006,0.023578942999999998,0.010071351000000011,0.4,0.0008599710000000001,0.4,0.4
275,221.438004,-0.005590761,0.014003883600000011,0.4,-0.001141752,0.6,0.4
276,220.19999700000002,-0.016857357,0.01066938240000001,0.4,-0.000685698,0.6,0.2
277,216.48800699999998,0.024592536,0.00781367360000001,0.4,0.003931277,0.4,0.2
278,221.811996,-0.007943633,0.00355594560000001,0.6,0.004833651,0.4,0.4
279,220.05000299999998,0.001531425,-0.0008535579999999897,0.6,0.005012556,0.4,0.2
280,220.38699300000002,0.009360825,0.0021367592000000103,0.4,0.00592751,0.2,0.4
281,222.44999700000002,-0.019892124,0.00152980580000001,0.4,0.006417585999999999,0.2,0.6
282,218.024994,-0.019433552,-0.00727541179999999,0.6,0.000684742,0.4,0.8
283,213.787994,0.000523883,-0.005581908599999989,0.4,-0.002243085,0.4,0.6
284,213.899994,0.000523605,-0.005783472599999989,0.4,-0.004949896,0.6,0.6
285,214.01199300000002,0.005607223000000001,-0.0065341929999999885,0.4,-0.003384163,0.6,0.6
286,215.212006,0.013939743000000001,0.00023218040000001216,0.2,-0.001140955,0.4,0.4
287,218.212006,0.005329652,0.005184821200000012,0.0,0.004513786,0.2,0.4
288,219.375,0.001025668,0.005285178200000013,0.0,0.00486454,0.2,0.6
289,219.600006,-0.003588388,0.004462779600000012,0.2,0.007762914,0.0,0.6
290,218.811996,-0.00051185,0.0032389650000000116,0.4,0.006427056,0.0,0.6
291,218.69999700000002,0.011659822,0.0027829808000000116,0.4,0.002558176,0.2,0.8
292,221.25,-0.00796381,0.0001242884000000116,0.6,-0.00142845,0.4,0.8
293,219.48800699999998,-0.0015400070000000001,-0.0003888465999999884,0.8,-0.001804083,0.4,0.8
294,219.149994,-0.002568962,-0.0001849613999999884,0.8,-0.003688032,0.6,0.8
295,218.587006,-0.0051466920000000005,-0.0011119297999999883,0.8,-0.003876825,0.6,0.6
296,217.462006,0.0036235940000000004,-0.0027191753999999883,0.8,-0.00072253,0.4,0.6
297,218.25,0.005154639,-9.548559999998825e-05,0.6,0.0031263759999999997,0.2,0.4
298,219.375,0.003245611,0.0008616380000000118,0.4,0.001996398,0.4,0.2
299,220.087006,-0.015334843999999999,-0.001691538399999988,0.4,0.0034489990000000003,0.2,0.2
300,216.712006,-0.013667937,-0.0033957873999999875,0.4,0.0014923789999999998,0.4,0.4
301,213.75,0.016842133000000002,-0.0007520795999999871,0.4,0.0024001770000000003,0.4,0.2
302,217.350006,-0.001555155,-0.0020940383999999866,0.6,-0.001276913,0.6,0.2
303,217.01199300000002,0.018321633,0.0009211660000000134,0.6,-1.9699999999999998e-05,0.4,0.2
304,220.98800699999998,0.013910206999999999,0.006770176200000012,0.4,0.002446639,0.4,0.4
305,224.061996,0.0061947190000000004,0.010742707400000013,0.2,0.005819234,0.2,0.2
306,225.44999700000002,0.00049678,0.007473636800000012,0.2,0.008251025,0.2,0.2
307,225.561996,0.013136068999999998,0.010411881600000013,0.0,0.010340832,0.0,0.2
308,228.524994,0.008533035999999999,0.008454162200000013,0.0,0.010327539,0.0,0.4
309,230.475006,0.012530646999999999,0.008178250200000011,0.0,0.008582878,0.0,0.2
310,233.36300699999998,0.002566812,0.0074526688000000115,0.0,0.00572782,0.2,0.4
311,233.962006,0.006411297,0.00863557220000001,0.0,0.001259526,0.2,0.6
312,235.462006,0.0041450340000000006,0.00683736520000001,0.0,0.0010219769999999999,0.4,0.8
313,236.438004,0.019984055,0.00912756900000001,0.0,-0.001496346,0.6,0.8
314,241.162994,0.023009384,0.011223316400000013,0.0,-0.004261937,0.8,1.0
315,246.712006,-0.010943986999999999,0.008521156600000013,0.2,-0.004596718,0.8,1.0
316,244.01199300000002,0.00107782,0.007454461200000012,0.2,-0.00541814,1.0,1.0
317,244.274994,0.019187441,0.010462942600000013,0.2,-0.007009856,1.0,0.8
318,248.962006,-0.051060024,-0.003745873199999988,0.4,-0.004121441,0.8,0.6
319,236.25,0.012063517,-0.005935046599999988,0.4,-0.003940173,0.8,0.6
320,239.100006,0.007214516999999999,-0.002303345799999989,0.2,-0.003076452,0.8,0.6
321,240.82499700000002,0.017440038,0.0009690978000000114,0.2,-0.0029071920000000003,0.8,0.6
322,245.024994,-0.029078666,-0.008684123599999987,0.4,-0.0011836989999999999,0.6,0.8
323,237.899994,-0.019070984,-0.002286315599999987,0.4,-0.0022038410000000002,0.8,1.0
324,233.36300699999998,-0.005142259000000001,-0.0057274707999999865,0.6,-0.0023000860000000002,0.8,1.0
325,232.162994,0.006784083000000001,-0.005813557599999987,0.6,-0.002761204,0.8,0.8
326,233.73800699999998,-0.005459108000000001,-0.010393386799999987,0.8,-0.0035772259999999998,0.8,0.8
327,232.462006,0.028232518999999998,0.001068850200000012,0.6,-0.003686665,1.0,0.6
328,239.024994,-0.006744065,0.003534234000000012,0.6,,0.8,0.6
329,237.412994,-0.0072657780000000005,0.0031095302000000115,0.6,,0.6,0.4
330,235.688004,-0.01989072,-0.0022254303999999885,0.8,,0.6,0.6
331,231.0,-0.0045454679999999996,-0.0020427023999999884,0.8,,0.4,0.6
332,229.94999700000002,-0.012067815,-0.010102769199999988,1.0,,0.2,0.8
333,227.17500299999998,-0.004291872,-0.009612330599999988,1.0,,0.4,0.8
334,226.19999700000002,-0.012767467,-0.010712668399999988,1.0,-0.001716256,0.6,1.0
335,223.311996,-0.004195905,-0.007573705399999987,1.0,-0.000638759,0.4,0.8
336,222.375,-0.01382798,-0.009430207799999988,1.0,-0.0005201919999999999,0.4,0.8
337,219.30000299999998,0.01162792,-0.004691060799999987,0.8,-0.002720153,0.6,0.8
338,221.850006,-0.020622095,-0.007957105399999987,0.8,-0.0030574770000000003,0.6,0.8
339,217.274994,-0.003797018,-0.006163015599999986,0.8,-0.0036236590000000004,0.6,0.6
340,216.44999700000002,-0.004851019,-0.006294038399999986,0.8,-0.004852276,0.8,0.6
341,215.399994,0.002089192,-0.0031106039999999864,0.6,-0.00428998,0.8,0.6
342,215.850006,0.005559402,-0.004324307599999987,0.6,-0.0012634089999999998,0.6,0.6
343,217.05000299999998,-0.022460262,-0.004691940999999987,0.6,-0.001291598,0.6,0.6
344,212.17500299999998,-0.006009233,-0.005134383999999987,0.6,-0.0016487239999999998,0.6,0.8
345,210.899994,0.004623073,-0.003239565599999987,0.4,-0.002906633,0.6,0.8
346,211.875,0.0033604999999999998,-0.0029853039999999872,0.4,-0.00235627,0.6,0.8
347,212.587006,0.022931787000000002,0.0004891730000000132,0.4,-0.003771975,0.6,0.6
348,217.462006,-0.001894598,0.004602305800000013,0.4,-0.0027928259999999996,0.6,0.4
349,217.05000299999998,0.008638561999999999,0.007531864800000014,0.2,0.001204756,0.4,0.2
350,218.92500299999998,0.023126659,0.011232582000000015,0.2,0.006251861,0.2,0.2
351,223.98800699999998,-0.012728423,0.008014797400000013,0.4,0.004948126,0.2,0.2
352,221.13699300000002,-0.000167258,0.003394988400000014,0.6,0.0053254209999999995,0.2,0.4
353,221.100006,-0.0071235280000000005,0.002349202400000014,0.6,0.0052534999999999995,0.2,0.6
354,219.524994,0.002906275,0.0012027450000000142,0.6,0.002395425,0.4,0.6
355,220.162994,0.002552709,-0.002912044999999986,0.6,-0.00036452800000000003,0.6,0.8
356,220.725006,-0.001019395,-0.0005702393999999858,0.6,-0.000835085,0.8,0.6
357,220.5,0.001188177,-0.00029915239999998573,0.4,-0.001945345,1.0,0.4
358,220.76199300000002,0.002722452,0.0016700436000000145,0.2,-0.00205014,1.0,0.4
359,221.36300699999998,0.00847025,0.002782838600000015,0.2,-0.002600873,1.0,0.4
360,223.23800699999998,-0.003865861,0.0014991246000000148,0.4,-0.004369561,1.0,0.2
361,222.375,0.006745363000000001,0.0030520762000000147,0.2,-0.002716765,0.8,0.4
362,223.875,0.000334995,0.0028814398000000145,0.2,-0.001418618,0.6,0.4
363,223.94999700000002,0.013565573000000001,0.0050500640000000156,0.2,0.0007690039999999999,0.4,0.4
364,226.98800699999998,-0.000497854,0.0032564432000000156,0.4,0.001860005,0.4,0.6
365,226.875,-0.000330565,0.003963502400000016,0.4,0.00364083,0.4,0.8
366,226.80000299999998,-0.000493823,0.0025156652000000155,0.6,0.003198172,0.4,0.8
367,226.688004,-0.007944889,0.0008596884000000154,0.8,0.0044094220000000005,0.4,0.8
368,224.88699300000002,-0.017671093,-0.005387644799999985,1.0,0.002529416,0.4,0.8
369,220.912994,-0.004413457,-0.0061707653999999845,1.0,0.0022282779999999998,0.4,0.6
370,219.938004,0.00102297,-0.005900058399999984,0.8,0.002661222,0.2,0.4
371,220.162994,0.001703284,-0.005460636999999984,0.6,-0.000266353,0.4,0.2
372,220.537994,-0.0027205740000000003,-0.004415773999999984,0.6,-0.001681948,0.4,0.2
373,219.938004,0.012612654,0.0016409754000000156,0.4,-0.002478866,0.6,0.0
374,222.712006,0.018018786000000002,0.006127424000000015,0.2,-0.0015276979999999999,0.4,0.2
375,226.725006,-0.011247118,0.003673406400000015,0.4,-0.0027849190000000003,0.6,0.2
376,224.17500299999998,-0.007025748,0.001927600000000015,0.6,-0.002472385,0.6,0.4
377,222.600006,0.000336914,0.002539097600000015,0.4,-0.003468715,0.8,0.4
378,222.67500299999998,-0.016333261,-0.003250085399999985,0.6,-0.003437289,0.8,0.4
379,219.037994,0.009240415,-0.005005759599999986,0.6,-0.00257188,0.8,0.2
380,221.061996,-0.016624309,-0.006081197799999985,0.6,-0.0011728189999999999,0.6,0.4
381,217.38699300000002,0.002934863,-0.004089075599999985,0.4,0.000459518,0.6,0.4
382,218.024994,0.004128008,-0.003330856799999985,0.4,-0.00033214599999999996,0.6,0.6
383,218.92500299999998,0.005307767,0.0009973488000000151,0.2,-0.000977646,0.6,0.8
384,220.087006,-0.009537133,-0.0027581607999999846,0.4,-0.004455768,0.8,1.0
385,217.98800699999998,-0.012560356000000002,-0.001945370199999985,0.4,-0.0042740470000000004,0.8,1.0
386,215.25,-0.000696836,-0.0026717099999999847,0.6,-0.004766734,0.8,1.0
387,215.100006,-0.000697392,-0.003636789999999985,0.8,-0.003708557,0.8,0.8
388,214.94999700000002,-0.010467551,-0.006791853599999985,1.0,-0.004134665,0.8,0.6
389,212.69999700000002,-0.002999535,-0.005484333999999985,1.0,-0.0013940629999999999,0.6,0.6
390,212.061996,0.000707387,-0.0028307853999999842,0.8,-0.003155568,0.8,0.4
391,212.212006,-0.009537641,-0.004598946399999984,0.8,-0.004030733,0.8,0.2
392,210.188004,0.020158139,-0.0004278401999999844,0.6,-0.004251008,0.8,0.2
393,214.42500299999998,0.008394556999999999,0.003344581400000016,0.4,-0.003107015,0.8,0.2
394,216.225006,0.006766091,0.005297706600000016,0.2,-0.000848225,0.8,0.0
395,217.688004,0.00568244,0.006292717200000017,0.2,0.00029157099999999996,0.6,0.0
396,218.92500299999998,0.008733598,0.009946965000000018,0.0,0.0035894940000000004,0.4,0.2
397,220.837006,-0.008657983000000001,0.004183740600000018,0.2,0.007152223,0.2,0.2
398,218.92500299999998,0.0,0.0025048292000000175,0.2,0.008212295,0.0,0.4
399,218.92500299999998,-0.009076163,-0.0006636215999999823,0.4,0.005549811,0.0,0.6
400,216.938004,0.000170565,-0.0017659965999999826,0.4,0.005636915,0.0,0.8
401,216.975006,-0.012273349,-0.0059673859999999825,0.6,0.002443639,0.2,0.6
402,214.311996,-0.008048966,-0.005845582599999982,0.6,-0.0006938339999999999,0.2,0.8
403,212.587006,0.04392553,0.0029395234000000174,0.6,-0.00121894,0.4,0.8
404,221.92500299999998,0.007434916999999999,0.006241739400000017,0.4,-0.00107231,0.4,0.8
405,223.57499700000002,0.010233747,0.008254375800000017,0.4,-0.002905651,0.6,0.6
406,225.86300699999998,-0.002160633,0.010276919000000018,0.4,-0.002996222,0.6,0.8
407,225.375,-0.0051602620000000005,0.010854659800000017,0.4,-0.003118635,0.8,0.6
408,224.212006,-0.005851658,0.0008992222000000175,0.6,-0.00324983,0.8,0.6
409,222.899994,0.000170525,-0.0005536561999999823,0.6,-0.002796582,0.8,0.4
410,222.938004,0.00016597400000000002,-0.0025672107999999824,0.6,-0.001863415,0.8,0.4
411,222.975006,-0.002861307,-0.002707345599999982,0.6,0.0008025619999999999,0.6,0.4
412,222.337006,0.008941341,0.00011297500000001826,0.4,-0.000231707,0.6,0.4
413,224.32499700000002,-0.026412585,-0.0039992103999999815,0.4,-0.000631315,0.6,0.2
414,218.399994,-0.00154761,-0.0043428373999999815,0.6,-0.003145077,0.8,0.4
415,218.061996,-0.00016968599999999997,-0.004409969399999982,0.8,2.9299999999999997e-05,0.6,0.6
416,218.024994,-0.004471923,-0.004732092599999981,0.8,-0.0023373179999999997,0.8,0.6
417,217.05000299999998,0.002073241,-0.006105712599999981,0.8,-0.001296734,0.8,0.8
418,217.5,0.0008643860000000001,-0.0006503183999999808,0.6,-0.002386226,0.8,0.8
419,217.688004,-0.008787851999999999,-0.0020983667999999807,0.6,-0.00082793,0.8,0.6
420,215.774994,0.001390351,-0.0017863593999999806,0.4,-0.001508698,0.8,0.6
421,216.07499700000002,0.000865422,-0.0007188903999999806,0.2,0.0009731760000000001,0.6,0.6
422,216.26199300000002,0.005548885,-2.3761599999980697e-05,0.2,0.0009271539999999999,0.6,0.4
423,217.462006,-0.004998602,-0.0011963591999999807,0.4,0.000607797,0.6,0.4
424,216.375,0.004159418,0.001393094800000019,0.2,-0.000864869,0.6,0.6
425,217.274994,-0.005348001999999999,4.542420000001909e-05,0.4,-0.00031352,0.6,0.4
426,216.11300699999998,-0.005728517,-0.001273363599999981,0.6,0.000117552,0.6,0.2
427,214.875,0.003141375,-0.0017548655999999809,0.6,0.001678975,0.4,0.2
428,215.55000299999998,0.001215463,-0.0005120525999999807,0.4,0.005343771999999999,0.2,0.4
429,215.811996,0.005736506999999999,-0.0001966347999999809,0.4,0.007224793,0.0,0.2
430,217.05000299999998,-0.001036655,0.000665634600000019,0.4,0.003922557,0.2,0.2
431,216.82499700000002,0.016257392,0.005062816400000019,0.2,0.003489561,0.2,0.4
432,220.350006,0.0034036759999999996,0.005115276600000019,0.2,0.002724124,0.2,0.6
433,221.100006,-0.021542288,0.0005637264000000183,0.4,0.000401219,0.4,0.6
434,216.337006,0.002084655,-0.0001666439999999816,0.4,-0.001020167,0.6,0.6
435,216.787994,0.002246434,0.0004899738000000184,0.2,0.000148695,0.4,0.6
436,217.274994,-0.0012104519999999999,-0.0030035949999999813,0.4,-0.00120444,0.4,0.4
437,217.01199300000002,0.000695819,-0.0035451663999999813,0.4,-0.002981787,0.6,0.4
438,217.162994,0.006907254,0.0021447420000000185,0.2,-0.002202141,0.4,0.4
439,218.662994,-0.018864646000000002,-0.0020451181999999817,0.4,-0.0019861839999999998,0.4,0.4
440,214.537994,-0.05908038400000001,-0.014310481799999983,0.6,-0.0029531809999999996,0.6,0.6
441,201.863007,0.007242485999999999,-0.012619894199999981,0.4,-0.002422442,0.6,0.8
442,203.324997,-0.0077462040000000005,-0.014308298799999983,0.6,-0.002766422,0.6,0.8
443,201.75,-0.007995078000000001,-0.017288765199999983,0.8,-0.000996332,0.6,0.6
444,200.136993,-0.026232032000000002,-0.018762242399999983,0.8,-0.000566905,0.6,0.8
445,194.886993,0.016168349,-0.0037124957999999835,0.6,0.00038751199999999996,0.4,0.6
446,198.037994,-0.0009492519999999999,-0.005350843399999984,0.8,-0.0016738,0.6,0.6
447,197.850006,-0.002274511,-0.004256504799999983,0.8,-0.000822375,0.6,0.6
448,197.399994,0.019189513999999998,0.0011804136000000162,0.6,-0.002936168,0.8,0.6
449,201.188004,-0.039331421,-0.0014394641999999833,0.6,-0.004493462,0.8,0.4
450,193.274994,0.000191447,-0.004634844599999983,0.6,-0.004420653,0.8,0.4
451,193.311996,0.000196625,-0.004405669199999983,0.4,-0.0036559509999999997,0.8,0.4
452,193.350006,0.008533716,-0.002244023799999983,0.2,-0.0035479659999999996,0.8,0.4
453,195.0,-0.0015384770000000001,-0.006389621999999982,0.4,-0.0032060359999999998,0.6,0.6
454,194.699997,-0.004817689,0.0005131244000000174,0.4,-0.0030090620000000003,0.6,0.6
455,193.761993,0.0036798390000000003,0.0012108028000000176,0.4,-0.003543037,0.8,0.8
456,194.475006,-0.003470898,0.00047729820000001744,0.6,-0.003049575,0.8,0.6
457,193.800003,-0.007156909,-0.0026608267999999827,0.8,-0.002120694,0.6,0.4
458,192.412994,0.0011641569999999999,-0.0021202999999999825,0.6,-0.000819779,0.6,0.2
459,192.636993,-0.007002803,-0.0025573227999999824,0.6,0.0022874429999999997,0.4,0.2
460,191.287994,0.0033301040000000004,-0.0026272697999999823,0.6,0.002715125,0.2,0.2
461,191.925003,-0.006445221,-0.0032221343999999826,0.6,0.003398672,0.0,0.4
462,190.688004,0.001179885,-0.0015547755999999824,0.4,0.003057965,0.0,0.4
463,190.912994,0.0027499959999999998,-0.0012376077999999824,0.4,0.00028239,0.2,0.4
464,191.438004,0.021933936,0.004549740000000017,0.2,-0.001076074,0.4,0.6
465,195.636993,-0.01820717,0.00024228520000001697,0.4,-0.000313489,0.4,0.4
466,192.074997,0.011323716999999999,0.0037960728000000165,0.2,-0.000960567,0.6,0.4
467,194.25,0.016118389,0.006783773600000017,0.2,-0.0008466960000000001,0.6,0.4
468,197.380997,0.020138747,0.010261523800000016,0.2,0.00167095,0.4,0.4
469,201.35600300000002,0.016667012,0.009208139000000014,0.2,0.001445132,0.4,0.2
470,204.712006,0.00641383,0.014132339000000016,0.0,0.000952972,0.4,0.4
471,206.024994,0.020293653999999998,0.015926326400000017,0.0,0.000633298,0.4,0.4
472,210.205994,-0.008919821999999999,0.010918684200000018,0.2,0.001223085,0.4,0.6
473,208.330994,-0.007017636,0.005487407600000017,0.4,-0.000301772,0.6,0.8
474,206.869003,-0.019036216,-0.0016532379999999827,0.6,-0.0006422169999999999,0.6,0.8
475,202.93099999999998,-0.010441993,-0.005024402599999983,0.8,-0.000880281,0.6,0.8
476,200.811996,0.001215087,-0.008840115999999981,0.8,-0.00025808,0.4,0.6
477,201.05599999999998,-0.002889712,-0.007634093999999982,0.8,-0.00145396,0.6,0.4
478,200.475006,0.008230422,-0.004584482399999981,0.6,-0.00121154,0.6,0.4
479,202.125,-0.0047297170000000005,-0.001723182599999981,0.6,-0.002215708,0.6,0.4
480,201.169006,-0.021345266,-0.0039038371999999813,0.6,-0.005460665,0.8,0.4
481,196.875,0.0026666359999999996,-0.0036135273999999815,0.6,-0.00498227,0.8,0.6
482,197.399994,-0.009878405,-0.005011265999999981,0.6,-0.003463813,0.6,0.6
483,195.449997,-0.002783275,-0.007214005399999982,0.8,-0.003479046,0.6,0.6
484,194.90600600000002,0.010871846000000001,-0.004093692799999981,0.6,-0.001667144,0.4,0.6
485,197.024994,-0.028265448999999998,-0.005477729399999981,0.6,0.003513225,0.2,0.6
486,191.455994,0.009401654,-0.00413072579999998,0.6,0.0026827929999999997,0.4,0.4
487,193.255997,-0.017556971,-0.00566643899999998,0.6,0.00016710799999999999,0.6,0.6
488,189.863007,0.001479962,-0.00481379159999998,0.4,-0.000555838,0.6,0.6
489,190.14399699999998,-0.004733223,-0.00793480539999998,0.6,-0.00013131200000000002,0.6,0.6
490,189.244003,-0.009907844,-0.004263284399999981,0.6,-0.00249437,0.8,0.6
491,187.369003,0.018508946999999998,-0.0024418257999999815,0.6,-0.004133907,0.8,0.8
492,190.837006,-0.012963937,-0.0015232189999999813,0.6,-0.002788461,0.8,0.6
493,188.363007,-0.00597251,-0.0030137133999999814,0.8,-0.00246355,0.8,0.4
494,187.238007,0.0012977919999999999,-0.001807510399999981,0.6,-0.001314099,0.8,0.6
495,187.48100300000002,-0.006998026,-0.0012255467999999809,0.6,-0.002018162,0.8,0.6
496,186.169006,-0.0031261920000000003,-0.0055525745999999805,0.8,-5.550000000000001e-05,0.6,0.4
497,185.587006,-0.001309424,-0.003221671999999981,0.8,-0.000204722,0.6,0.6
498,185.34399399999998,0.0036418929999999998,-0.001298791399999981,0.6,0.001231635,0.4,0.6
499,186.01899699999998,-0.010482784,-0.003654906599999981,0.8,-0.000167574,0.4,0.6
500,184.06900000000002,0.00703001,-0.0008492993999999811,0.6,-0.000110709,0.4,0.6
501,185.363007,-0.005567524,-0.0013375657999999812,0.6,-0.002055522,0.6,0.6
502,184.330994,-0.0006076030000000001,-0.001197201599999981,0.6,-0.00398437,0.6,0.6
503,184.21899399999998,0.017300127,0.0015344452000000184,0.6,-0.004430549000000001,0.6,0.6
504,187.40600600000002,-0.0029989009999999996,0.0030312218000000187,0.6,-0.005358398,0.8,0.4
505,186.84399399999998,-0.008531149,-8.100999999998138e-05,0.8,-0.004354417,0.6,0.2
506,185.25,-0.0034385590000000003,0.0003447830000000185,0.8,-0.001699218,0.4,0.2
507,184.613007,0.006294177,0.0017251390000000185,0.6,0.000690658,0.2,0.0
508,185.774994,0.010798073,0.00042472820000001853,0.6,0.001468554,0.2,0.2
509,187.78100600000002,0.018771835,0.0047788754000000185,0.4,0.0029178290000000003,0.0,0.2
510,191.30599999999998,-0.011269933999999999,0.004231118400000018,0.4,0.001678803,0.2,0.2
511,189.149994,0.014866572,0.007892144600000019,0.2,0.001295727,0.2,0.4
512,191.962006,0.005469765,0.0077272622000000195,0.2,0.0024280260000000002,0.2,0.4
513,193.011993,-0.007864744,0.00399469880000002,0.4,0.001346403,0.2,0.2
514,191.494003,-0.0069506559999999995,-0.0011497993999999804,0.6,2.8000000000000003e-05,0.4,0.2
515,190.162994,0.016953872,0.004494961800000019,0.4,-0.000156982,0.4,0.2
516,193.386993,0.000486124,0.0016188722000000193,0.4,-0.000524018,0.4,0.2
517,193.48100300000002,-0.0071687090000000005,-0.0009088225999999807,0.6,-0.002560932,0.6,0.4
518,192.09399399999998,-0.009177799,-0.0011714335999999808,0.6,-0.003570565,0.8,0.4
519,190.330994,-0.006993049,-0.0011799121999999807,0.6,-0.004203105,0.8,0.4
520,189.0,0.018354466,-0.0008997933999999805,0.6,-0.001426767,0.6,0.6
521,192.46899399999998,-0.0063334559999999995,-0.0022637093999999802,0.8,-0.001903275,0.8,0.4
522,191.25,-0.01853075,-0.0045361175999999795,0.8,-0.002479636,0.8,0.4
523,187.705994,-0.003793118,-0.003459181399999979,0.8,0.00047739900000000004,0.6,0.4
524,186.994003,-0.002310272,-0.0025226259999999784,0.8,0.0018165570000000001,0.4,0.6
525,186.561996,0.013571885,-0.003479142199999978,0.8,0.001155508,0.4,0.6
526,189.09399399999998,-0.007340265,-0.0036805039999999777,0.8,0.001493379,0.4,0.6
527,187.705994,-0.011486,-0.0022715539999999777,0.8,0.001217284,0.4,0.6
528,185.550003,0.013236292,0.0011343280000000223,0.6,-0.000750786,0.4,0.8
529,188.005997,-0.028520367,-0.004107690999999978,0.6,-0.00422343,0.6,0.6
530,182.64399699999998,-0.005234188,-0.00786890559999998,0.8,-0.00511996,0.8,0.4
531,181.688004,0.021878109,-0.0020252307999999784,0.6,-0.005041818,0.8,0.6
532,185.662994,9.7e-05,0.0002913692000000214,0.4,-0.003029912,0.6,0.4
533,185.68099999999998,-0.00656499,-0.003668887199999979,0.6,-0.002708393,0.6,0.4
534,184.462006,0.003968264,0.0028288390000000213,0.4,-0.0008234710000000001,0.6,0.4
535,185.19400000000002,-0.007392264,0.002397223800000021,0.4,-0.0006050119999999999,0.4,0.6
536,183.824997,-0.0033673490000000004,-0.002651867799999979,0.6,0.000490339,0.2,0.4
537,183.205994,0.000513133,-0.002568641199999979,0.6,-0.001496185,0.4,0.6
538,183.300003,0.0019421879999999999,-0.000867205599999979,0.4,-0.001480975,0.4,0.6
539,183.65600600000002,-0.007448774,-0.0031506131999999793,0.6,0.0009516,0.2,0.6
540,182.287994,-0.023863283,-0.0064448169999999794,0.6,0.0006202569999999999,0.4,0.6
541,177.938004,0.0027369029999999997,-0.005223966599999979,0.4,-0.0008414160000000001,0.6,0.8
542,178.425003,-0.000313857,-0.005389364599999979,0.6,-4.63e-06,0.6,0.6
543,178.369003,-0.000633552,-0.005904512599999979,0.8,-0.001684955,0.8,0.6
544,178.255997,0.011466688999999999,-0.0021214199999999798,0.6,-0.003637848,1.0,0.6
545,180.300003,-0.012690016,0.00011323340000002,0.6,-0.004570357,1.0,0.6
546,178.011993,0.004213199,0.00040849260000002004,0.6,-0.002593925,0.8,0.6
547,178.761993,-0.004715695,-0.00047187499999997996,0.6,-0.0016606589999999999,0.6,0.8
548,177.919006,-0.010960111000000002,-0.00253718679999998,0.6,-0.000626711,0.6,0.8
549,175.96899399999998,-0.006927323000000001,-0.00621598919999998,0.8,1.95e-05,0.6,1.0
550,174.75,-0.011799691000000001,-0.00603792419999998,0.8,0.001020834,0.6,0.8
551,172.688004,-0.004238916,-0.007728347199999981,1.0,-0.000545886,0.8,0.8
552,171.955994,0.005565377,-0.005672132799999981,0.8,-8.89e-05,0.8,0.8
553,172.912994,-0.007269483,-0.004934007199999981,0.8,-0.001193427,0.8,0.8
554,171.65600600000002,-0.0045847679999999995,-0.0044654961999999795,0.8,-0.001002176,0.8,0.6
555,170.869003,0.0007666519999999999,-0.0019522275999999798,0.6,-0.0011978660000000001,0.8,0.6
556,171.0,0.004385965,-0.00022725139999997968,0.4,-0.0047395829999999995,0.8,0.4
557,171.75,0.016919977,0.0020436686000000204,0.4,-0.0038174479999999998,0.8,0.4
558,174.65600600000002,-0.000429484,0.00341166840000002,0.4,-0.002254786,0.6,0.2
559,174.580994,0.017504763,0.007829574600000019,0.2,-0.002992555,0.6,0.2
560,177.636993,0.016466182,0.010969480600000019,0.2,-0.005535215,0.6,0.4
561,180.561996,-0.0036330459999999996,0.009365678400000018,0.4,-0.003965581,0.6,0.4
562,179.90600600000002,-0.00385757,0.00521016900000002,0.6,-0.006639322,0.8,0.2
563,179.212006,0.0023045,0.0057569658000000195,0.4,-0.004782194,0.8,0.4
564,179.625,0.008244971,0.00390500740000002,0.4,-0.00432027,0.8,0.6
565,181.10600300000002,-0.001137505,0.0003842700000000199,0.6,-0.00182035,0.8,0.4
566,180.899994,0.00487016,0.0020849112000000196,0.4,0.000521298,0.6,0.4
567,181.78100600000002,-0.000203558,0.00281571360000002,0.4,0.001229913,0.6,0.6
568,181.744003,-0.0029932540000000003,0.0017561628000000197,0.6,-0.000661037,0.6,0.4
569,181.199997,-0.014486755,-0.0027901823999999806,0.8,-0.000863484,0.6,0.4
570,178.574997,0.000632827,-0.0024361159999999804,0.6,-0.002608762,0.6,0.6
571,178.688004,-0.009446655,-0.00529947899999998,0.8,-0.004229224,0.8,0.6
572,177.0,-0.004344616,-0.00612769059999998,0.8,-0.003745045,0.6,0.4
573,176.23100300000002,0.022237807000000002,-0.00108147839999998,0.6,-0.003180328,0.6,0.6
574,180.149994,-0.009991607,-0.0001824487999999798,0.6,-0.0045623109999999995,0.6,0.4
575,178.350006,-0.018082455,-0.003925505199999979,0.8,-0.002322833,0.4,0.2
576,175.125,0.009741579,-8.78583999999797e-05,0.6,-0.001366101,0.4,0.4
577,176.830994,0.006152835,0.00201163180000002,0.4,-0.0014002589999999998,0.4,0.6
578,177.919006,-0.004429032,-0.00332173599999998,0.6,-0.004136428,0.6,0.6
579,177.130997,-0.006351231999999999,-0.0025936609999999798,0.6,-0.003819624,0.6,0.8
580,176.005997,-0.008840608,-0.0007452915999999795,0.6,-0.00391214,0.8,0.8
581,174.449997,-0.01955863,-0.00660533339999998,0.8,-0.006703134,0.8,0.6
582,171.037994,0.005805798,-0.00667474079999998,0.8,-0.0048971940000000005,0.8,0.4
583,172.03100600000002,0.006428998000000001,-0.00450313479999998,0.6,-0.0030553890000000004,0.8,0.2
584,173.136993,0.0016288429999999998,-0.00290711979999998,0.4,0.000701763,0.6,0.2
585,173.419006,0.009082032,0.0006774082000000202,0.2,0.001275037,0.4,0.4
586,174.994003,-0.006645993,0.0032599356000000204,0.2,0.004920461,0.2,0.6
587,173.830994,-0.00010929,0.00207691800000002,0.4,0.003826687,0.2,0.8
588,173.811996,0.005615251,0.0019141686000000192,0.4,0.004340918,0.0,1.0
589,174.787994,0.000429166,0.0016742332000000194,0.4,0.002988208,0.0,1.0
590,174.863007,-0.005472861,-0.0012367453999999807,0.6,0.0034265209999999996,0.0,0.8
591,173.90600600000002,-0.021994708999999998,-0.00430648859999998,0.6,0.0016427570000000001,0.2,0.8
592,170.080994,0.010036395,-0.00227735159999998,0.4,0.003002778,0.2,0.8
593,171.787994,0.0010886210000000001,-0.0031826775999999808,0.4,0.002294383,0.4,0.6
594,171.975006,-0.011449391000000001,-0.005558388999999981,0.6,-0.001924921,0.6,0.4
595,170.005997,0.009817336,-0.002500349599999982,0.4,-0.001872166,0.6,0.4
596,171.675003,-0.002510558,0.0013964806000000176,0.4,-0.000985231,0.6,0.2
597,171.244003,0.008210454,0.0010312924000000178,0.4,-0.004243600000000001,0.8,0.0
598,172.649994,0.017161964,0.004245961000000017,0.4,-0.0012588480000000001,0.6,0.2
599,175.613007,-0.006514398,0.005232959600000017,0.4,0.003024181,0.4,0.2
600,174.46899399999998,-0.000217769,0.0032259386000000174,0.6,7.07e-06,0.6,0.2
601,174.43099999999998,-0.009780337,0.0017719828000000173,0.6,-1.39e-05,0.6,0.4
602,172.725006,0.009008539,0.0019315998000000172,0.6,0.0007082000000000001,0.6,0.6
603,174.28100600000002,-0.030123765,-0.007525545999999983,0.8,-0.0055834380000000005,0.8,0.6
604,169.03100600000002,-0.0041057559999999995,-0.007043817599999984,0.8,-0.004652491,0.8,0.8
605,168.337006,0.00334441,-0.006331381799999984,0.6,-0.0034217229999999998,0.8,0.8
606,168.899994,-0.019094086,-0.008194131599999984,0.6,-0.0048765959999999995,0.8,0.6
607,165.675003,-0.010526651000000001,-0.012101169599999984,0.8,-0.000909098,0.6,0.4
608,163.93099999999998,0.002860923,-0.005504231999999983,0.6,0.002903406,0.4,0.4
609,164.399994,0.015742172,-0.0015346463999999836,0.4,0.001984488,0.4,0.4
610,166.988007,0.005946511,-0.0010142261999999836,0.4,0.0026786109999999996,0.4,0.4
611,167.98100300000002,-0.012501449,0.0003043012000000164,0.4,0.009141506,0.2,0.4
612,165.880997,0.005877744,0.003585180200000017,0.2,0.011015479,0.2,0.4
613,166.85600300000002,0.004381041,0.0038892038000000162,0.2,0.008671349,0.4,0.4
614,167.587006,0.010854063,0.0029115820000000167,0.2,0.010533798999999998,0.4,0.4
615,169.40600600000002,-0.0038723890000000004,0.0009478020000000167,0.4,0.009522922,0.4,0.6
616,168.75,0.005558542,0.004559800200000017,0.2,0.00339957,0.6,0.6
617,169.688004,-0.010831631999999999,0.0012179250000000168,0.4,-0.000917643,0.6,0.6
618,167.850006,0.023008637999999998,0.004943444400000017,0.4,0.001966315,0.4,0.4
619,171.712006,0.00622554,0.004017739800000016,0.4,0.00195728,0.4,0.4
620,172.78100600000002,0.002934281,0.005379073800000017,0.2,0.003318245,0.2,0.2
621,173.287994,-0.0008713880000000001,0.004093087800000016,0.4,0.004281427,0.2,0.2
622,173.136993,0.021335712000000003,0.010526556600000018,0.2,0.003067253,0.2,0.2
623,176.830994,0.020890003,0.010102829600000019,0.2,0.004147985,0.2,0.2
624,180.524994,0.005295715,0.009916864600000018,0.2,0.001917314,0.2,0.0
625,181.48100300000002,0.031512907,0.01563258980000002,0.2,0.001279739,0.4,0.2
626,187.199997,-0.007612196,0.014284428200000018,0.2,0.001952588,0.2,0.2
627,185.774994,-0.000807396,0.009855806600000017,0.4,0.00102607,0.4,0.4
628,185.625,-0.024748789,0.0007280482000000165,0.6,-0.000305156,0.4,0.6
629,181.03100600000002,-0.021957598,-0.004722614399999983,0.8,-0.004341229,0.6,0.6
630,177.05599999999998,0.0060376380000000006,-0.009817668199999982,0.8,-0.002497275,0.4,0.4
631,178.125,0.006843475,-0.006926533999999982,0.6,-0.002877573,0.6,0.4
632,179.34399399999998,-0.002615053,-0.007288065399999981,0.6,0.001208742,0.4,0.4
633,178.875,-0.000106203,-0.0023595481999999805,0.6,0.000517283,0.6,0.2
634,178.85600300000002,0.0022028729999999997,0.002472546000000019,0.4,0.004421986,0.4,0.2
635,179.25,0.00324125,0.0019132684000000184,0.4,0.0037331290000000004,0.4,0.2
636,179.830994,0.004693346,0.0014832426000000187,0.4,0.0045437229999999995,0.2,0.4
637,180.675003,-0.005916701,0.0008229130000000186,0.4,0.000675745,0.4,0.4
638,179.60600300000002,0.0,0.0008441536000000187,0.2,-0.001972688,0.4,0.6
639,179.60600300000002,-0.01409199,-0.0024148189999999813,0.4,-0.002709682,0.6,0.6
640,177.074997,0.024351241000000003,0.001807179200000019,0.4,8.31e-05,0.6,0.6
641,181.386993,0.00103648,0.001075806000000019,0.4,-0.001379512,0.8,0.6
642,181.574997,-0.010116977,0.00023575080000001904,0.4,-0.000288866,0.6,0.4
643,179.738007,0.001874896,0.0006107300000000191,0.4,0.0051044440000000005,0.4,0.2
644,180.074997,0.003226483,0.004074424600000019,0.2,0.006379648000000001,0.2,0.2
645,180.65600600000002,0.004361848,7.654600000001898e-05,0.2,0.0007602660000000001,0.4,0.4
646,181.44400000000002,-0.0057869259999999995,-0.001288135199999981,0.4,0.0016179879999999999,0.4,0.2
647,180.39399699999998,-0.0022894,0.00027738020000001896,0.4,0.001976189,0.4,0.4
648,179.98100300000002,-0.001144615,-0.00032652199999998107,0.6,-0.001159735,0.6,0.6
649,179.774994,-0.001980186,-0.001367855799999981,0.8,-0.0028224070000000003,0.8,0.6
650,179.419006,-0.0008360819999999999,-0.002407441799999981,1.0,-0.001150636,0.8,0.4
651,179.26899699999998,0.004914386,-0.0002671793999999811,0.8,-0.0013742560000000001,0.8,0.6
652,180.149994,0.0005218369999999999,0.00029506800000001887,0.6,0.001352439,0.8,0.6
653,180.244003,-0.013942211000000001,-0.0022644511999999816,0.6,0.003936028,0.6,0.4
654,177.73100300000002,0.016457472,0.0014230804000000187,0.4,0.00401385,0.6,0.4
655,180.65600600000002,0.00238575,0.0020674468000000186,0.2,0.00494052,0.4,0.6
656,181.087006,0.001452341,0.0013750378000000184,0.2,0.0022104110000000002,0.4,0.4
657,181.350006,0.000722344,0.0014151392000000184,0.2,-0.002051532,0.6,0.2
658,181.48100300000002,0.015913511,0.00738628360000002,0.0,-0.003723604,0.6,0.2
659,184.369003,-0.004474706,0.003199848000000019,0.2,-0.0039044009999999996,0.6,0.4
660,183.544006,-0.021760465,-0.0016293949999999808,0.4,-0.007597336,0.8,0.2
661,179.550003,0.023391796,0.002758496000000019,0.4,-0.0054260590000000004,0.8,0.2
662,183.75,0.028571429,0.00832831300000002,0.4,-0.004173026,0.6,0.2
663,189.0,0.031052926,0.011356196000000018,0.4,-0.0030839,0.6,0.4
664,194.869003,-9.75e-05,0.012231637200000018,0.4,-0.002540495,0.6,0.4
665,194.850006,-0.007893302,0.01500506980000002,0.4,0.000510745,0.6,0.4
666,193.311996,0.008928561,0.01211242280000002,0.4,0.00219662,0.4,0.4
667,195.037994,0.009613512,0.008320839400000021,0.4,0.001884697,0.4,0.4
668,196.912994,0.005139370999999999,0.0031381284000000205,0.4,-0.000602211,0.6,0.2
669,197.925003,0.016486047,0.006454837800000021,0.2,0.00023606099999999997,0.4,0.0
670,201.188004,0.013509762,0.01073545060000002,0.0,,0.2,0.0
671,203.90600600000002,-0.001378115,0.00867411540000002,0.2,,0.2,0.2
672,203.625,-0.000643325,0.006622748000000021,0.4,,0.4,0.2
673,203.494003,0.016029927,0.008800859200000021,0.4,,0.2,0.4
674,206.755997,-0.0042610470000000004,0.004651440400000021,0.6,,0.2,0.6
675,205.875,-0.003278703,0.001293747400000021,0.8,,0.4,0.6
676,205.199997,0.001827485,0.0019348674000000212,0.6,-0.000917282,0.6,0.4
677,205.574997,-0.000457225,0.001972087400000021,0.6,-0.00067123,0.6,0.6
678,205.48100300000002,0.0030124590000000003,-0.0006314061999999788,0.6,-0.0012454669999999999,0.6,0.6
679,206.100006,0.014735502,0.0031679036000000216,0.4,-0.0016916989999999999,0.6,0.6
680,209.136993,-0.022678895,-0.0007121347999999786,0.4,-0.0009991239999999999,0.4,0.6
681,204.39399699999998,0.01605236,0.0021328402000000217,0.4,0.002686042,0.2,0.8
682,207.675003,-0.008397751,0.0005447350000000218,0.4,0.0016667879999999998,0.2,0.8
683,205.93099999999998,-0.005550431999999999,-0.001167843199999978,0.6,-0.0007438589999999999,0.4,0.8
684,204.787994,-0.005952468000000001,-0.005305437199999978,0.8,-1.28e-05,0.4,0.8
685,203.56900000000002,-0.009397276,-0.0026491133999999783,0.8,-0.002245404,0.6,0.8
686,201.65600600000002,0.00790452,-0.004278681399999979,0.8,-0.003617278,0.8,0.8
687,203.25,-0.005810578,-0.003761246799999979,0.8,-0.0011416360000000001,0.6,0.6
688,202.06900000000002,0.019300308000000002,0.0012089012000000214,0.6,-0.0014287339999999999,0.6,0.6
689,205.96899399999998,0.004913405,0.0033820758000000215,0.4,-0.002941871,0.8,0.6
690,206.98100300000002,0.0046236179999999995,0.006186254600000021,0.2,1.42e-05,0.6,0.6
691,207.938004,0.029032701,0.010411890800000021,0.2,0.001295049,0.4,0.6
692,213.975006,0.00586983,0.01274797240000002,0.0,-0.0010776219999999999,0.6,0.8
693,215.231003,-0.005487128000000001,0.007790485200000021,0.2,-0.000170344,0.4,0.8
694,214.05000299999998,-0.0034151040000000004,0.00612478340000002,0.4,-0.000952343,0.4,0.8
695,213.31900000000002,-0.012657086000000001,0.00266864260000002,0.6,-0.00513859,0.6,1.0
696,210.619003,-0.003651128,-0.0038681231999999803,0.8,-0.005337949,0.6,0.8
697,209.850006,0.009559194,-0.00313025039999998,0.8,-0.004322264,0.6,0.6
698,211.856003,-0.005753955,-0.0031836157999999793,0.8,-0.003524909,0.6,0.6
699,210.63699300000002,-0.004984818,-0.0034975585999999794,0.8,-0.0032893,0.6,0.4
700,209.587006,-0.001698593,-0.0013058599999999788,0.8,-0.000846657,0.6,0.4
701,209.23100300000002,-0.0060937859999999995,-0.001794391599999979,0.8,-0.003220947,0.8,0.6
702,207.955994,-0.021908481,-0.008087926599999979,1.0,-0.0050305770000000005,0.8,0.6
703,203.399994,0.010324514,-0.004872232799999978,0.8,-0.0066800259999999995,1.0,0.4
704,205.5,0.013046229,-0.0012660233999999787,0.6,-0.0058188680000000005,1.0,0.4
705,208.18099999999998,0.015400027,0.002153700600000021,0.4,-0.00034744,0.8,0.2
706,211.38699300000002,-0.0009744830000000001,0.003177561200000021,0.4,5.94e-05,0.8,0.2
707,211.18099999999998,-0.0038166309999999996,0.006795931200000022,0.4,0.0023107920000000003,0.6,0.2
708,210.375,-0.007039824,0.0033230636000000217,0.6,0.003579055,0.4,0.4
709,208.89399699999998,-0.008975844,-0.0010813509999999782,0.8,0.002071709,0.4,0.6
710,207.01899699999998,-0.00389815,-0.004940986399999978,1.0,-0.003145663,0.6,0.6
711,206.212006,-0.00517918,-0.005781925799999978,1.0,8.63e-05,0.4,0.6
712,205.14399699999998,-0.007219334,-0.006462466399999978,1.0,-0.00269087,0.6,0.6
713,203.662994,-0.003500867,-0.005754674999999977,1.0,-0.003100258,0.6,0.4
714,202.949997,0.007666913000000001,-0.002426123599999977,0.8,2.3800000000000003e-05,0.4,0.2
715,204.505997,-0.001007276,-0.001847948799999977,0.8,0.0015659860000000001,0.2,0.2
716,204.300003,-0.00036709300000000003,-0.0008855313999999771,0.8,0.0016413729999999998,0.2,0.0
717,204.225006,-0.008720803000000001,-0.0011858251999999772,0.8,0.003864045,0.2,0.2
718,202.44400000000002,-0.008797524000000001,-0.0022451565999999775,0.8,0.0022385729999999998,0.4,0.2
719,200.662994,0.010649741,-0.0016485909999999775,0.8,0.0012542439999999998,0.4,0.4
720,202.800003,-0.000739689,-0.0015950735999999775,0.8,0.00038795800000000004,0.6,0.4
721,202.649994,0.026094301,0.003697205200000023,0.6,-0.002254233,0.8,0.6
722,207.938004,-0.016322163,0.002176933200000023,0.6,-0.002580023,0.8,0.4
723,204.544006,0.008614254,0.005659288800000023,0.4,-0.000546742,0.6,0.6
724,206.30599999999998,-0.008632836999999999,0.0018027732000000234,0.6,-0.0015627179999999998,0.8,0.6
725,204.524994,-0.000826261,0.0017854588000000234,0.6,-0.0036509479999999998,0.8,0.8
726,204.35600300000002,0.002113914,-0.003010618599999977,0.6,-0.006041596,0.8,0.8
727,204.787994,-0.015474496,-0.0028410851999999764,0.6,-0.010245666,0.8,0.8
728,201.619003,0.004091861,-0.0037455637999999764,0.6,-0.011156069,1.0,0.6
729,202.44400000000002,0.006574628000000001,-0.0007040707999999764,0.4,-0.010139258,0.8,0.4
730,203.774994,-0.000829302,-0.0007046789999999763,0.4,-0.007136326,0.6,0.2
731,203.60600300000002,-0.006262139,-0.002379889599999976,0.6,-0.001567549,0.4,0.0
732,202.330994,0.001112069,0.0009374234000000242,0.4,0.0036453559999999998,0.2,0.2
733,202.55599999999998,0.00120462,0.00035997520000002425,0.4,0.0033444020000000002,0.2,0.4
734,202.800003,-0.0021252470000000002,-0.001379999799999976,0.6,0.001695364,0.4,0.4
735,202.369003,0.004911839,-0.0002317715999999759,0.4,0.003013788,0.4,0.6
736,203.363007,-0.008300448,-0.0006394333999999759,0.4,-0.000520307,0.6,0.6
737,201.675003,0.001581753,-0.0005454965999999759,0.4,-5.13e-05,0.6,0.6
738,201.994003,0.000648519,-0.0006567167999999759,0.4,0.00015758799999999998,0.6,0.6
739,202.125,-0.010943753,-0.002420417999999976,0.4,-0.002047295,0.6,0.6
740,199.912994,0.01875816,0.0003488462000000239,0.4,-0.004182412,0.6,0.6
741,203.662994,-0.005710384000000001,0.0008668590000000238,0.4,-0.003625922,0.6,0.8
742,202.5,0.007130864000000001,0.001976681200000024,0.4,-0.003568655,0.6,0.6
743,203.94400000000002,0.008551386999999999,0.003557254800000024,0.4,-0.001496584,0.4,0.4
744,205.688004,0.010661745,0.007878354400000023,0.2,0.002999644,0.2,0.4
745,207.880997,-0.002251302,0.003676462000000024,0.4,0.002881668,0.4,0.2
746,207.412994,0.012472728999999998,0.007313084600000024,0.2,0.00701097,0.2,0.2
747,210.0,-0.009909495,0.003905012800000023,0.4,0.005528872,0.4,0.4
748,207.919006,-0.0036071740000000003,0.0014733006000000233,0.6,0.001305666,0.6,0.6
749,207.169006,0.009953212,0.0013315940000000234,0.6,0.001307542,0.6,0.6
750,209.23100300000002,0.001615425,0.0021049394000000237,0.4,0.00169532,0.4,0.6
751,209.56900000000002,0.075869971,0.014784387800000024,0.4,-0.001617224,0.4,0.4
752,225.46899399999998,-0.021040534,0.012558180000000025,0.4,-0.0011861460000000001,0.4,0.4
753,220.725006,-0.006288368000000001,0.012021941200000023,0.4,-0.00010708700000000001,0.4,0.4
754,219.337006,-0.026242776000000002,0.004782743600000023,0.6,-0.00483864,0.6,0.6
755,213.580994,-0.006671886,0.0031252814000000233,0.8,-0.0061356530000000005,0.8,0.8
756,212.15600600000002,-0.028634645,-0.017775641799999974,1.0,-0.009233335,1.0,0.8
757,206.080994,0.0040955209999999995,-0.012748430799999974,0.8,-0.009463705,1.0,0.6
758,206.925003,0.011598376,-0.009171081999999973,0.6,-0.006040625,0.8,0.4
759,209.324997,0.001433192,-0.003635888399999973,0.4,-0.0027286009999999998,0.8,0.2
760,209.625,0.012970753,0.00029263940000002694,0.2,0.002338602,0.6,0.2
761,212.34399399999998,-0.007242936,0.004570981200000027,0.2,0.004188722,0.6,0.2
762,210.80599999999998,0.003738006,0.004499478200000026,0.2,0.005077681,0.4,0.4
763,211.59399399999998,-0.004078523,0.001364098400000026,0.4,0.003195465,0.6,0.6
764,210.731003,-0.015659789,-0.002054497799999974,0.6,-8.499999999999999e-05,0.6,0.6
765,207.43099999999998,0.00542349,-0.003563950399999974,0.6,-0.003701447,0.6,0.4
766,208.55599999999998,-0.0007192030000000001,-0.0022592037999999742,0.6,0.000140987,0.4,0.6
767,208.40600600000002,-0.005215809,-0.004049966799999974,0.8,-0.0005578159999999999,0.6,0.6
768,207.31900000000002,0.0065117330000000005,-0.001931915599999974,0.6,-0.000751205,0.6,0.6
769,208.669006,-0.009345001,-0.0006689579999999736,0.6,0.000228704,0.6,0.8
770,206.71899399999998,-0.021860578999999998,-0.006125771799999973,0.8,-0.002662218,0.8,1.0
771,202.199997,-0.0013896689999999998,-0.006259864999999973,0.8,-0.005692725,1.0,1.0
772,201.919006,-0.009751479,-0.0071669989999999725,0.8,-0.006668753,1.0,0.8
773,199.949997,0.014348602,-0.005599625199999972,0.8,-0.0042976640000000005,0.8,0.8
774,202.81900000000002,-0.00342177,-0.004414978999999972,0.8,-0.002461707,0.8,0.8
775,202.125,-0.005842919,-0.0012114469999999725,0.8,-0.000687762,0.8,0.6
776,200.94400000000002,0.004289752,-7.55627999999725e-05,0.6,0.0008992010000000001,0.6,0.6
777,201.80599999999998,0.006134634,0.0031016598000000277,0.4,0.0006819360000000001,0.6,0.6
778,203.044006,-0.008313484,-0.0014307573999999723,0.6,-0.001411723,0.6,0.4
779,201.35600300000002,0.010707353999999999,0.0013950674000000275,0.4,-0.000914817,0.6,0.4
780,203.511993,-0.0058030930000000005,0.0014030326000000275,0.4,-0.003130305,0.6,0.6
781,202.330994,-0.007596404,-0.0009741985999999726,0.6,-0.00832745,0.8,0.6
782,200.794006,-0.028387361,-0.007878597599999973,0.8,-0.013607231000000001,0.8,0.6
783,195.09399399999998,0.019703374,-0.002275225999999973,0.6,-0.012386308,0.8,0.8
784,198.938004,0.006313505,-0.003153995799999973,0.6,-0.013808643999999998,0.8,0.6
785,200.19400000000002,0.000184836,-0.0019564099999999727,0.4,-0.009572601,0.6,0.4
786,200.23100300000002,0.011237021000000002,0.0018102750000000278,0.2,-0.003006252,0.4,0.2
787,202.48100300000002,0.005185686,0.008524884400000028,0.0,0.007024691,0.2,0.2
788,203.53100600000002,0.008475323,0.006279274200000029,0.0,0.005144475999999999,0.4,0.2
789,205.255997,-0.011049568000000001,0.0028066596000000284,0.2,0.00630033,0.4,0.4
790,202.988007,-0.026513901,-0.0025330877999999715,0.4,0.0026037070000000002,0.6,0.6
791,197.60600300000002,-0.00066292,-0.004913075999999972,0.6,-0.0016788439999999999,0.8,0.6
792,197.475006,-0.001615394,-0.006273291999999972,0.8,-0.001940527,0.8,0.8
793,197.15600600000002,-0.016068488,-0.011182054199999972,1.0,-0.0063642840000000004,0.8,0.8
794,193.988007,-0.00019594,-0.00901132859999997,1.0,-0.005969083000000001,0.8,0.6
795,193.949997,0.027068832999999997,0.0017052182000000284,0.8,0.003209212,0.6,0.4
796,199.199997,0.009508016999999999,0.003739405600000028,0.6,0.0071896569999999995,0.4,0.4
797,201.09399399999998,0.016315783,0.0073256410000000285,0.4,0.006375265,0.4,0.2
798,204.375,0.023667307999999998,0.015272800200000028,0.2,0.014214426,0.2,0.2
799,209.212006,0.003675683,0.016047124800000027,0.0,0.012073577,0.2,0.4
800,209.981003,-0.003838442,0.009865669800000029,0.2,0.004071890999999999,0.4,0.4
801,209.175003,0.016942708,0.01135260800000003,0.2,0.004332142,0.4,0.4
802,212.71899399999998,0.001584278,0.00840630700000003,0.2,0.004585126,0.4,0.6
803,213.05599999999998,-0.009415351,0.0017897752000000295,0.4,0.002028825,0.4,0.6
804,211.05000299999998,-0.027628566,-0.00447107459999997,0.6,0.000628588,0.4,0.4
805,205.21899399999998,0.00968234,-0.0017669181999999707,0.4,0.002121399,0.2,0.6
806,207.205994,-0.009951435,-0.0071457467999999705,0.6,-0.000468559,0.4,0.8
807,205.14399699999998,0.005576556,-0.00634729119999997,0.6,-0.0035303279999999997,0.6,0.8
808,206.287994,0.001270113,-0.004210198399999971,0.4,-0.0076560740000000006,0.8,0.8
809,206.550003,-0.014979467,-0.0016803785999999696,0.4,-0.003089948,0.6,0.8
810,203.455994,-0.001012474,-0.003819341399999969,0.6,-6.31e-07,0.6,0.6
811,203.25,0.009500615,7.106860000003108e-05,0.4,-0.00221985,0.6,0.4
812,205.18099999999998,-0.007398375,-0.002523917599999969,0.6,0.00051019,0.4,0.4
813,203.662994,0.003957518,-0.001986436599999969,0.6,0.0070968590000000005,0.2,0.4
814,204.46899399999998,0.002293795,0.001468215800000031,0.4,0.006882945,0.2,0.6
815,204.938004,0.004386702,0.002548051000000031,0.2,0.002062874,0.4,0.6
816,205.837006,-0.020856308,-0.003523333599999969,0.4,0.005751169,0.2,0.6
817,201.544006,0.034141412,0.0047846238000000315,0.2,0.004381149,0.2,0.6
818,208.425003,-0.010704103999999999,0.0018522994000000313,0.4,0.0008494819999999999,0.4,0.4
819,206.19400000000002,0.00954923,0.0033033864000000315,0.4,0.0047339240000000005,0.4,0.4
820,208.162994,0.003237905,0.0030736270000000314,0.4,0.0072395540000000005,0.2,0.4
821,208.837006,0.001436465,0.007532181600000032,0.2,0.005984351999999999,0.2,0.4
822,209.136993,-0.002237706,0.0002563580000000315,0.4,,0.2,0.2
823,208.669006,0.006196416,0.0036364620000000313,0.2,,0.0,0.4
824,209.962006,-0.003210162,0.0010845836000000313,0.4,,0.2,0.2
825,209.287994,0.010659966000000002,0.0025689958000000316,0.4,,0.2,0.2
826,211.518997,-0.004609473,0.001359808200000032,0.6,,0.4,0.4
827,210.544006,-0.007570906999999999,0.00029316800000003216,0.6,,0.6,0.4
828,208.949997,-0.0016127779999999998,-0.0012686707999999677,0.8,-0.002021533,0.6,0.4
829,208.613007,-0.0015291520000000002,-0.0009324687999999676,0.8,-0.002790847,0.6,0.4
830,208.294006,0.000720107,-0.002920440599999968,0.8,-0.002377134,0.6,0.6
831,208.44400000000002,-0.0029696370000000002,-0.0025924733999999677,0.8,-0.004132075,0.6,0.4
832,207.824997,0.003430757,-0.00039214059999996814,0.6,-0.00039126199999999997,0.4,0.6
833,208.537994,-0.002071522,-0.00048388939999996825,0.6,-0.0028985490000000003,0.6,0.6
834,208.10600300000002,0.00711658,0.001245257000000032,0.4,-0.00215845,0.6,0.6
835,209.587006,0.014585785,0.004018392600000032,0.4,-0.004721036,0.8,0.6
836,212.643997,-0.002031522,0.004206015600000032,0.4,-0.003905514,0.8,0.6
837,212.212006,-0.001409025,0.003238059200000032,0.6,-0.0041142259999999995,0.8,0.6
838,211.912994,0.00035398,0.0037231596000000316,0.4,-0.0035745679999999998,0.8,0.4
839,211.98800699999998,0.002471772,0.0027941980000000316,0.4,5.91e-05,0.6,0.4
840,212.51199300000002,0.016502617,0.0031775644000000317,0.4,0.0030339240000000003,0.4,0.4
841,216.018997,-0.011716516000000001,0.0012405656000000315,0.4,0.004494163,0.2,0.4
842,213.48800699999998,0.005705178000000001,0.0026634062000000314,0.2,0.00469358,0.2,0.2
843,214.705994,0.009082243,0.004409058800000031,0.2,0.00824556,0.0,0.2
844,216.65600600000002,0.007269575,0.005368619400000031,0.2,0.006495882,0.0,0.4
845,218.231003,-0.020620351999999998,-0.0020559743999999684,0.4,0.004347676,0.2,0.4
846,213.731003,0.0,0.0002873288000000317,0.2,0.004110489,0.2,0.6
847,213.731003,-0.000790746,-0.0010118559999999686,0.4,0.0005134769999999999,0.4,0.6
848,213.561996,-0.009917476,-0.0048117997999999685,0.6,-0.002519777,0.6,0.6
849,211.44400000000002,0.011085649,-0.004048584999999968,0.6,-0.002662882,0.6,0.6
850,213.787994,-0.000706312,-6.577699999996897e-05,0.6,-0.001982849,0.4,0.6
851,213.63699300000002,-0.022730085,-0.004611793999999969,0.8,-0.0025219179999999997,0.6,0.6
852,208.78100600000002,-0.00431078,-0.00531580079999997,0.8,-0.003868155,0.6,0.6
853,207.880997,0.002708295,-0.0027906465999999698,0.6,0.000191528,0.4,0.8
854,208.44400000000002,-0.004231370999999999,-0.005854050599999969,0.8,-0.001048988,0.6,0.6
855,207.561996,-0.003613378,-0.006435463799999969,0.8,-0.002371208,0.8,0.4
856,206.811996,0.008253878000000001,-0.00023867119999996869,0.6,-0.001476255,0.6,0.4
857,208.51899699999998,0.0075532540000000006,0.0021341356000000315,0.4,0.004741119,0.4,0.4
858,210.09399399999998,0.017311342,0.0050547450000000315,0.4,0.002993625,0.4,0.2
859,213.731003,0.0015814129999999998,0.006217301800000031,0.2,0.00381233,0.2,0.4
860,214.06900000000002,0.003853884,0.007710754200000032,0.0,0.007079166,0.0,0.4
861,214.893997,0.002094042,0.006478787000000032,0.0,0.0070454440000000005,0.0,0.2
862,215.34399399999998,0.001564966,0.005281129400000031,0.0,0.003411794,0.2,0.4
863,215.68099999999998,-0.003996643,0.001019532400000031,0.2,0.002796465,0.2,0.6
864,214.81900000000002,0.0030537620000000002,0.001314002200000031,0.2,0.003906924,0.2,0.4
865,215.475006,0.005917131999999999,0.0017266518000000311,0.2,0.003242089,0.2,0.4
866,216.75,-0.005015022,0.000304839000000031,0.4,0.004242338,0.2,0.6
867,215.662994,-0.010521031,-0.002112360399999969,0.6,0.005159665,0.0,0.6
868,213.393997,-0.002286808,-0.0017703933999999692,0.6,0.005632021,0.0,0.6
869,212.90600600000002,0.017791861000000003,0.0011772264000000313,0.6,0.003437842,0.2,0.8
870,216.69400000000002,-0.010470973,-0.0021003945999999683,0.8,0.002213229,0.2,1.0
871,214.42500299999998,0.010054756,0.0009135610000000317,0.6,0.001027419,0.2,1.0
872,216.580994,-0.001038831,0.0028100010000000316,0.6,-0.000536086,0.4,1.0
873,216.356003,0.000263413,0.003320045200000032,0.4,-0.002804948,0.6,0.8
874,216.412994,0.010045663,0.0017708056000000313,0.4,-0.003500873,0.6,0.6
875,218.587006,0.004204234,0.004705847000000031,0.2,-0.003154952,0.6,0.4
876,219.505997,-0.0023917070000000003,0.0022165544000000313,0.4,-0.003186649,0.6,0.2
877,218.981003,0.014384781999999999,0.005301277000000031,0.2,-0.001162645,0.4,0.0
878,222.130997,-0.00430374,0.004387846400000031,0.4,-0.001212577,0.4,0.2
879,221.17500299999998,-0.001609599,0.002056794000000031,0.6,0.001720275,0.2,0.2
880,220.81900000000002,0.017829068,0.004781760800000031,0.6,0.000533973,0.4,0.2
881,224.755997,0.001588434,0.005577789000000031,0.4,-0.000582955,0.6,0.2
882,225.11300699999998,-0.000919543,0.0025169240000000315,0.6,-0.0058632730000000004,0.8,0.4
883,224.90600600000002,-0.0031657940000000004,0.002744513200000032,0.6,-0.004439777,0.8,0.2
884,224.19400000000002,-0.015972741999999998,-0.000128115399999968,0.6,-0.008278883,1.0,0.4
885,220.61300699999998,0.007900695,-0.0021137899999999683,0.6,-0.008893435,1.0,0.6
886,222.356003,0.017035717,0.0009756666000000317,0.6,-0.006201495,0.8,0.6
887,226.143997,-0.020398468,-0.0029201183999999682,0.6,-0.002626523,0.8,0.6
888,221.53100600000002,0.008716613,-0.0005436369999999682,0.4,-0.0034416340000000003,0.8,0.6
889,223.462006,-0.006206911999999999,0.0014095290000000315,0.4,0.0034421729999999998,0.6,0.4
890,222.07499700000002,-0.00033771,-0.00023815199999996823,0.6,0.004776278,0.4,0.2
891,222.0,-0.019342368999999998,-0.007513769199999967,0.8,0.000835145,0.6,0.4
892,217.705994,-0.016274242,-0.0066889239999999685,0.8,-0.00036529199999999997,0.6,0.4
893,214.162994,0.0009619260000000001,-0.008239861399999968,0.8,0.001602423,0.4,0.6
894,214.369003,-0.021952843,-0.011389047599999967,0.8,-0.004731817,0.6,0.8
895,209.662994,-0.012520092,-0.013825523999999968,0.8,-0.004882961,0.8,1.0
896,207.037994,0.016301356,-0.006696778999999967,0.6,-0.002026274,0.6,0.8
897,210.412994,0.0044532040000000005,-0.002551289799999966,0.4,-0.0035870290000000003,0.6,0.8
898,211.350006,-0.020402233,-0.006824121599999966,0.6,-0.008056806,0.8,0.8
899,207.037994,0.0034390109999999996,-0.0017457507999999664,0.4,-0.003402698,0.6,0.6
900,207.75,0.023735258999999998,0.005505319400000033,0.2,0.001016065,0.4,0.4
901,212.68099999999998,-0.022743008999999998,-0.0023035535999999662,0.4,-0.0024771389999999997,0.6,0.6
902,207.84399399999998,0.017859578,0.00037772120000003387,0.4,0.002641594,0.4,0.6
903,211.55599999999998,0.013561435,0.007170454800000034,0.2,0.010772838,0.2,0.4
904,214.42500299999998,-0.014340664,0.003614519800000034,0.4,0.008995155999999999,0.2,0.6
905,211.350006,-0.021736497999999996,-0.005479831599999965,0.6,0.0032825209999999996,0.4,0.8
906,206.755997,-0.000725464,-0.0010763225999999646,0.6,0.002039753,0.4,0.8
907,206.60600300000002,-0.017511572,-0.008150552599999965,0.8,0.002535969,0.4,0.6
908,202.988007,0.005630825,-0.009736674599999964,0.8,-0.004047434,0.6,0.6
909,204.130997,0.058144050999999995,0.004760268400000035,0.6,0.007757506,0.6,0.4
910,216.0,0.001300954,0.009367758800000034,0.4,0.010836405,0.4,0.4
911,216.28100600000002,0.013870843999999998,0.012287020400000034,0.2,0.017712911,0.2,0.2
912,219.28100600000002,-0.023257856,0.011137763600000034,0.2,0.014758981000000001,0.4,0.4
913,214.18099999999998,0.008231356,0.011657869800000033,0.2,0.016832562,0.2,0.6
914,215.94400000000002,-0.001041965,-0.00017933339999996606,0.4,0.0052317909999999995,0.2,0.6
915,215.71899399999998,-0.007041554,-0.001847834999999966,0.6,-0.000342335,0.4,0.6
916,214.19999700000002,0.011465962,-0.002328811399999966,0.6,-0.003419287,0.6,0.6
917,216.65600600000002,-0.020077939,-0.0016928279999999657,0.6,-4.16e-05,0.4,0.6
918,212.30599999999998,-0.004766676,-0.004292434399999966,0.8,0.0011993239999999999,0.4,0.6
919,211.294006,0.010028623,-0.0020783167999999653,0.6,0.001141028,0.4,0.6
920,213.412994,0.004390604,0.00020811480000003466,0.4,0.005522564000000001,0.2,0.4
921,214.350006,0.006559323000000001,-0.0007732129999999651,0.4,0.0051937,0.2,0.4
922,215.755997,-0.026937824,-0.002145189999999965,0.4,0.001297699,0.4,0.4
923,209.94400000000002,0.018843091,0.002576763400000035,0.2,0.000416902,0.4,0.2
924,213.899994,-0.000963039,0.00037843100000003495,0.4,-0.000736785,0.6,0.2
925,213.69400000000002,-0.013776709,-0.003255031599999965,0.6,-0.003901295,0.8,0.4
926,210.75,0.005072361,-0.003552423999999965,0.6,-0.004529473,0.8,0.4
927,211.81900000000002,-0.014517097,-0.0010682785999999653,0.6,-0.004246474,0.8,0.4
928,208.744003,0.008982294,-0.003040437999999965,0.6,-0.004284786,0.8,0.4
929,210.619003,0.009078018,-0.001032226599999965,0.4,-0.00020554599999999997,0.6,0.4
930,212.53100600000002,0.03934951,0.009593017200000034,0.2,0.003999152,0.4,0.2
931,220.893997,-0.00755562,0.007067421000000035,0.4,0.0061268569999999994,0.2,0.2
932,219.225006,-0.01368457,0.007233926400000035,0.4,0.00462513,0.2,0.0
933,216.225006,-0.013874436,0.0026625804000000347,0.6,0.0057845480000000005,0.2,0.2
934,213.225006,-0.000440891,0.0007587986000000344,0.8,0.002092867,0.2,0.2
935,213.130997,0.012231961000000001,-0.004664711199999965,0.8,0.00044923699999999995,0.4,0.4
936,215.73800699999998,0.004255157,-0.0023025557999999647,0.6,-0.0025257229999999997,0.6,0.6
937,216.65600600000002,-0.021374953,-0.0038406323999999646,0.6,-0.001750775,0.6,0.8
938,212.024994,-0.01016857,-0.0030994591999999647,0.6,-0.003354624,0.6,0.8
939,209.869003,-0.019655118,-0.006942304599999965,0.6,-0.005846288000000001,0.8,1.0
940,205.744003,-0.006838581,-0.010756412999999965,0.8,-0.00656998,0.8,0.8
941,204.337006,0.014407571000000001,-0.008725930199999964,0.8,-0.0037840340000000004,0.6,0.6
942,207.28100600000002,0.0019007870000000001,-0.004070782199999965,0.6,0.001384791,0.4,0.4
943,207.675003,-0.0067702230000000006,-0.003391112799999965,0.6,0.001520209,0.4,0.2
944,206.26899699999998,-0.0009114460000000001,0.0003576216000000347,0.6,0.0029889170000000002,0.4,0.2
945,206.080994,0.01128203,0.003981743800000034,0.4,0.002811565,0.4,0.4
946,208.40600600000002,-0.005398116999999999,2.0606200000034338e-05,0.6,0.002176092,0.4,0.4
947,207.28100600000002,-0.010946555,-0.0025488621999999656,0.8,-0.003357765,0.6,0.6
948,205.011993,0.010428663000000001,0.0008909150000000348,0.6,-0.004821837,0.8,0.6
949,207.149994,0.011315516000000001,0.0033363074000000346,0.4,-0.002440161,0.6,0.4
950,209.494003,-0.011637578999999999,-0.0012476143999999652,0.6,-0.001094012,0.4,0.4
951,207.05599999999998,0.02399831,0.004631671000000034,0.4,-0.0021717579999999998,0.6,0.4
952,212.024994,-0.014149275,0.003991127000000034,0.4,0.000323868,0.4,0.4
953,209.024994,0.005023337,0.0029100618000000343,0.4,0.000842329,0.4,0.4
954,210.07499700000002,0.002408649,0.0011286884000000336,0.4,-0.0037334609999999996,0.6,0.6
955,210.580994,-0.00970173,0.0015158582000000334,0.4,-0.005361085,0.8,0.6
956,208.537994,-0.017176726,-0.006719148999999966,0.6,-0.006508252,0.8,0.8
957,204.955994,-0.011431658999999999,-0.006175625799999965,0.6,-0.008097155,1.0,0.8
958,202.613007,0.001105551,-0.006959182999999966,0.6,-0.008248368,1.0,1.0
959,202.837006,-0.0065619630000000005,-0.008753305399999967,0.8,-0.0059537159999999995,1.0,1.0
960,201.505997,0.016193066000000002,-0.0035743461999999658,0.6,-0.005169075,1.0,0.8
961,204.76899699999998,0.030580845,0.005977168000000034,0.4,0.000857641,0.8,0.6
962,211.03100600000002,-0.034118266,0.0014398466000000334,0.4,-0.000560803,0.8,0.6
963,203.830994,0.021066502,0.0054320368000000336,0.4,0.0008115189999999999,0.6,0.4
964,208.125,0.001441456,0.007032720600000033,0.2,0.003339252,0.4,0.2
965,208.425003,-0.005579993,0.0026781088000000335,0.4,0.004172043,0.2,0.2
966,207.261993,-0.012843585,-0.006006777199999966,0.6,0.000286705,0.2,0.4
967,204.600006,0.005865088,0.0019898936000000344,0.4,0.0052905569999999996,0.0,0.4
968,205.800003,0.026875562999999998,0.003151705800000035,0.4,0.00953073,0.0,0.4
969,211.330994,-0.003283953,0.0022066240000000346,0.6,0.007782582,0.0,0.4
970,210.63699300000002,-0.012728053999999999,0.0007770118000000349,0.6,0.004670596,0.2,0.6
971,207.955994,-0.003967170999999999,0.002552294600000035,0.6,0.004936164,0.2,0.6
972,207.130997,0.010684046,0.0035160862000000355,0.6,0.002558473,0.2,0.4
973,209.34399399999998,0.008689048000000001,-0.00012121679999996387,0.6,-0.0014828579999999999,0.2,0.4
974,211.162994,-0.004617239,-0.00038787399999996397,0.6,0.0006306290000000001,0.2,0.4
975,210.188004,0.006689201999999999,0.0034955772000000358,0.4,0.0024522289999999998,0.2,0.4
976,211.59399399999998,-0.00044421900000000004,0.004200167600000035,0.4,0.002130631,0.2,0.4
977,211.5,-0.020212738,-0.0019791891999999646,0.6,0.000649015,0.4,0.6
978,207.225006,-0.015109238,-0.006738846399999965,0.8,9.92e-05,0.4,0.8
979,204.09399399999998,-0.010656796000000001,-0.007946757799999964,0.8,-0.0046785740000000004,0.6,1.0
980,201.919006,-0.003620273,-0.010008652799999965,1.0,-0.0047047470000000004,0.6,1.0
981,201.188004,0.010716295,-0.007776549999999964,0.8,-0.004484602,0.6,0.8
982,203.34399399999998,-0.015490961999999999,-0.006832194799999964,0.8,-0.005751918000000001,0.6,0.8
983,200.19400000000002,0.014326084,-0.0009451303999999632,0.6,-0.001063122,0.6,0.6
984,203.061996,-0.001841763,0.0008178762000000371,0.6,-0.001617881,0.6,0.6
985,202.688004,-0.004351535,0.000671623800000037,0.6,-0.003971001,0.6,0.6
986,201.80599999999998,-0.010777692,-0.003627173599999963,0.8,-0.003259137,0.6,0.8
987,199.630997,0.023573538999999998,0.0041857266000000365,0.6,0.005002583,0.4,0.6
988,204.337006,-0.006880819,-5.565399999996335e-05,0.8,0.000294314,0.4,0.6
989,202.93099999999998,-0.004710931,-0.0006294875999999633,0.8,-0.00010397399999999999,0.4,0.6
990,201.975006,0.005664051999999999,0.0013736298000000366,0.6,0.004596543,0.2,0.4
991,203.119003,-0.017354403,5.828760000003638e-05,0.6,0.0047239840000000005,0.2,0.4
992,199.59399399999998,0.0029109540000000003,-0.004074229399999963,0.6,-0.002635909,0.4,0.4
993,200.175003,-0.019857654,-0.0066695963999999636,0.6,-0.000580949,0.4,0.4
994,196.199997,0.02112129,-0.0015031521999999634,0.4,0.005271201999999999,0.2,0.2
995,200.34399399999998,0.019276843999999998,0.0012194062000000362,0.4,0.004595037,0.2,0.2
996,204.205994,0.06170243,0.017030772800000038,0.2,0.0022495970000000003,0.4,0.0
997,216.80599999999998,-0.004755431,0.015497495800000038,0.4,0.005662159,0.2,0.0
998,215.774994,0.019900388,0.02344910420000004,0.2,0.007173542,0.2,0.0
999,220.06900000000002,0.025728308,0.024370507800000038,0.2,0.007273028000000001,0.2,0.0
1000,225.731003,0.007810180999999999,0.022077175200000035,0.2,,0.2,0.0
1001,227.494003,0.028928209,0.015522331000000033,0.2,,0.0,0.0
1002,234.07499700000002,-0.010415482,0.014390320800000033,0.2,,0.2,0.2
1003,231.63699300000002,-0.000889292,0.010232384800000032,0.4,,0.4,0.4
1004,231.43099999999998,-0.001374029,0.004811917400000034,0.6,,0.6,0.6
1005,231.11300699999998,-0.002029354,0.002844010400000033,0.8,,0.8,0.8
1006,230.643997,0.009915727,-0.0009584859999999668,0.8,-0.003968035,1.0,1.0
1007,232.93099999999998,0.019400582,0.005004726800000033,0.6,-0.004454353,1.0,1.0
1008,237.44999700000002,-0.006868801999999999,0.003808824800000033,0.6,-0.006626326,1.0,0.8
1009,235.81900000000002,-0.00866769,0.002350092600000033,0.6,-0.00513986,0.8,0.6
1010,233.774994,-0.018047241999999998,-0.0008534849999999664,0.6,-0.007452018,0.8,0.6
1011,229.55599999999998,0.032262306,0.0036158308000000332,0.6,-0.007424811,0.6,0.6
1012,236.962006,0.046214109,0.008978536200000034,0.6,-0.001201058,0.4,0.4
1013,247.912994,-0.013387761000000001,0.007674744400000035,0.6,0.001302465,0.2,0.6
1014,244.59399399999998,-0.010961021000000001,0.007216078200000034,0.6,0.001457972,0.2,0.6
1015,241.912994,0.011702592,0.013166045000000032,0.4,0.0054795519999999995,0.0,0.4
1016,244.744003,-0.026966977000000003,0.0013201884000000317,0.6,0.006949161999999999,0.0,0.4
1017,238.143997,-0.005748635,-0.009072360399999969,0.8,0.0036134390000000004,0.0,0.4
1018,236.774994,0.019005385,-0.002593731199999969,0.6,0.0041897309999999995,0.0,0.2
1019,241.274994,0.004430629,0.0004845988000000311,0.4,0.001936744,0.2,0.2
1020,242.34399399999998,-0.010831711,-0.004022261799999969,0.6,0.001807179,0.2,0.4
1021,239.71899399999998,0.025108619,0.006392857400000032,0.4,0.003285676,0.2,0.2
1022,245.73800699999998,-0.000842365,0.007374111400000031,0.4,0.00036546699999999996,0.4,0.4
1023,245.53100600000002,-0.0006842269999999999,0.0034361890000000313,0.6,-0.00021753099999999997,0.4,0.4
1024,245.36300699999998,0.008864364,0.0043229360000000315,0.6,0.0028755029999999997,0.2,0.4
1025,247.537994,0.011662892,0.008821856600000032,0.4,0.006671235,0.2,0.2
1026,250.42500299999998,-0.012430895,0.0013139538000000311,0.6,0.003367261,0.4,0.2
1027,247.311996,0.019639201000000002,0.005410267000000032,0.4,0.006750118,0.2,0.0
1028,252.169006,-0.011821445,0.003182823400000032,0.4,0.005593821,0.4,0.2
1029,249.188004,,,0.4,,0.4,0.4
1030,,,,0.4,,0.4,0.6
1031,245.36300699999998,0.005497971999999999,,0.2,,0.4,0.8
1032,246.712006,0.008969961,,0.2,,0.4,0.8
1033,248.92500299999998,-0.016269973,,0.2,,0.4,0.8
1034,244.875,-0.004978026,,0.4,,0.6,0.8
1035,243.65600600000002,0.000385765,-0.001278860199999969,0.4,-0.00019816700000000002,0.6,0.6
1036,243.75,0.014613316999999999,0.0005442088000000309,0.4,0.004833763,0.4,0.4
1037,247.311996,0.014406918999999999,0.0016316004000000305,0.4,0.0023238670000000003,0.6,0.6
1038,250.875,-0.011212771000000002,0.00264304080000003,0.4,0.0010939839999999999,0.6,0.6
1039,248.061996,-0.001209387,0.0033967686000000302,0.4,0.001169775,0.6,0.6
1040,247.76199300000002,-0.021036277000000003,-0.0008876397999999702,0.6,-0.002760807,0.8,0.8
1041,242.55000299999998,-0.01298705,-0.00640771319999997,0.8,-0.006089655,1.0,1.0
1042,239.399994,0.006578998000000001,-0.00797329739999997,0.8,-0.0069343930000000005,1.0,1.0
1043,240.975006,0.008092113,-0.004112320599999969,0.6,-0.006502317,1.0,0.8
1044,242.92500299999998,-0.007022781,-0.005274999399999969,0.6,-0.0032552970000000003,0.8,0.6
1045,241.21899399999998,-0.00777302,-0.002622347999999968,0.6,4.8200000000000006e-05,0.6,0.6
1046,239.34399399999998,-0.02984824,-0.0059945859999999684,0.6,0.00225561,0.4,0.6
1047,232.19999700000002,0.00379413,-0.006551559599999969,0.6,0.0044425390000000006,0.2,0.4
1048,233.080994,0.005714751999999999,-0.0070270317999999695,0.6,0.006290868000000001,0.0,0.6
1049,234.412994,-0.029678389,-0.011558153399999969,0.6,0.003392687,0.0,0.8
1050,227.455994,-0.006348485,-0.011273246399999968,0.6,0.005479989,0.0,0.8
1051,226.01199300000002,0.007552700999999999,-0.0037930581999999677,0.4,0.004354446,0.2,0.8
1052,227.71899399999998,-0.014329063999999999,-0.007417696999999968,0.6,0.0035160820000000002,0.4,1.0
1053,224.455994,0.005430949,-0.007474457599999968,0.6,0.0009018810000000001,0.6,0.8
1054,225.67500299999998,-0.012048339,-0.003948447599999967,0.6,-0.0010391110000000001,0.8,0.8
1055,222.955994,-0.009840511,-0.004646852799999967,0.6,-0.00502423,1.0,0.8
1056,220.76199300000002,0.002889995,-0.005579393999999967,0.6,-0.004950864,1.0,0.8
1057,221.399994,-0.010501342,-0.0048138495999999675,0.6,-0.008198318000000001,1.0,0.8
1058,219.07499700000002,-0.049896155,-0.015879270399999968,0.8,-0.007380243000000001,1.0,0.8
1059,208.14399699999998,0.008013678,-0.011866866999999968,0.6,-0.006162282,1.0,0.6
1060,209.811996,-0.013492998999999999,-0.01259736459999997,0.6,-0.010534073,1.0,0.6
1061,206.98100300000002,0.020924592,-0.00899044519999997,0.6,-0.009229439,0.8,0.6
1062,211.311996,-0.013217418,-0.009533660399999968,0.6,-0.005328026,0.6,0.4
1063,208.51899699999998,-0.004589515,-0.00047233239999996957,0.6,-0.005390076999999999,0.6,0.6
1064,207.561996,-0.015354429,-0.005145953799999969,0.8,-0.006133156,0.6,0.8
1065,204.375,-0.007153545999999999,-0.003878063199999969,0.8,-0.004251278,0.6,0.8
1066,202.912994,0.007668311,-0.006529319399999969,0.8,-0.004155931,0.6,0.6
1067,204.46899399999998,0.023935232999999997,0.0009012108000000299,0.6,0.001453275,0.6,0.6
1068,209.363007,-0.001791147,0.00146088440000003,0.6,0.002785417,0.4,0.4
1069,208.988007,-0.008794825,0.00277280520000003,0.6,,0.2,0.4
1070,207.149994,0.005068805,0.00521727540000003,0.4,,0.0,0.2
1071,208.199997,-0.00477427,0.00272875920000003,0.6,,0.2,0.4
1072,207.205994,-0.004343475,-0.0029269823999999696,0.8,,0.4,0.6
1073,206.30599999999998,-0.00499746,-0.003568244999999969,0.8,,0.6,0.8
1074,205.274994,-0.00347338,-0.0025039559999999695,0.8,,0.8,0.8
1075,204.561996,0.012651411999999999,-0.00098743459999997,0.8,-0.000360784,0.8,0.8
1076,207.149994,0.0049770990000000005,0.0009628392000000302,0.6,0.0018500510000000001,0.6,0.6
1077,208.18099999999998,-0.008286088,0.0001743166000000301,0.6,-0.000476515,0.6,0.6
1078,206.455994,-0.022886188999999998,-0.0034034291999999696,0.6,-0.0009729760000000001,0.6,0.6
1079,201.73100300000002,-0.005204966,-0.00374974639999997,0.6,-0.003498541,0.6,0.6
1080,200.68099999999998,0.00298985,-0.00568205879999997,0.6,-0.004830071,0.6,0.6
1081,201.28100600000002,0.008942661999999999,-0.0048889461999999705,0.6,-0.002440901,0.6,0.8
1082,203.080994,0.002954516,-0.00264082539999997,0.4,4.24e-05,0.4,0.6
1083,203.68099999999998,0.005803226999999999,0.003097057800000029,0.2,0.0033179999999999998,0.2,0.4
1084,204.863007,0.01070468,0.006278987000000029,0.0,0.008005635,0.0,0.2
1085,207.05599999999998,0.008601567,0.007401330400000028,0.0,0.006706288,0.2,0.2
1086,208.837006,0.020561447,0.009725087400000028,0.0,0.005277269,0.2,0.0
1087,213.130997,0.018476914,0.012829567000000028,0.0,0.007539114,0.2,0.0
1088,217.06900000000002,0.023923236,0.01645356880000003,0.0,0.006477341,0.2,0.0
1089,222.26199300000002,0.001943684,0.014701369600000031,0.0,0.004339319,0.4,0.0
1090,222.69400000000002,-0.004885614,0.012003933400000031,0.2,0.004393799,0.4,0.0
1091,221.606003,0.002793259,0.008450295800000032,0.2,0.0027866659999999997,0.4,0.0
1092,222.225006,-0.01147487,0.0024599390000000325,0.4,0.00117152,0.4,0.2
1093,219.67500299999998,-0.006486869,-0.0036220819999999675,0.6,-0.001630054,0.6,0.2
1094,218.25,-0.003780055,-0.0047668297999999675,0.8,-0.001439793,0.6,0.4
1095,217.42500299999998,0.003017091,-0.003186288799999968,0.6,-0.001434934,0.6,0.4
1096,218.080994,-0.003782984,-0.004501537399999968,0.8,-0.000582385,0.6,0.4
1097,217.255997,-0.012510601000000001,-0.004708683599999969,0.8,-0.00257656,0.8,0.4
1098,214.537994,-0.000354194,-0.0034821485999999686,0.8,-0.002166381,0.8,0.4
1099,214.462006,-0.01223993,-0.005174123599999968,0.8,-0.002198538,0.8,0.4
1100,211.837006,0.002393293,-0.005298883199999968,0.8,-0.0008597289999999999,0.6,0.6
1101,212.34399399999998,-0.0037109309999999998,-0.005284472599999968,0.8,-0.002329161,0.6,0.6
1102,211.55599999999998,-0.00044429800000000003,-0.0028712119999999676,0.8,-0.002060243,0.6,0.6
1103,211.462006,-0.009041828,-0.004608738799999968,0.8,-0.001044257,0.6,0.8
1104,209.550003,-0.004920095,-0.003144771799999968,0.8,3.13e-05,0.4,0.8
1105,208.51899699999998,0.002249244,-0.003173581599999968,0.8,-0.001501602,0.6,0.6
1106,208.988007,0.00278003,-0.0018753893999999681,0.6,-0.002056775,0.8,0.6
1107,209.56900000000002,-0.00966266,-0.0037190617999999682,0.6,-0.001261485,0.8,0.4
1108,207.544006,0.01002676,9.465580000003159e-05,0.4,-0.000466271,0.6,0.4
1109,209.625,0.010552205,0.0031891158000000317,0.2,-0.0014146679999999998,0.8,0.4
1110,211.837006,-0.002124336,0.002314399800000031,0.4,-0.000968892,0.8,0.6
1111,211.38699300000002,-0.006116739,0.000535046000000031,0.6,-0.004205743,0.8,0.8
1112,210.09399399999998,-0.006159105,0.001235757000000031,0.6,-0.005959944,0.8,1.0
1113,208.800003,-0.005569971,-0.0018835891999999688,0.8,-0.007544812,1.0,1.0
1114,207.636993,0.001989096,-0.0035962109999999685,0.8,-0.00809984,1.0,1.0
1115,208.050003,0.052001922,0.0072290406000000305,0.6,-0.007947882,0.8,0.8
1116,218.869003,-0.01773205,0.004905978400000031,0.6,-0.005975591,0.8,0.8
1117,214.98800699999998,-0.029480775,0.00024164440000003055,0.6,-0.005267386,0.8,0.8
1118,208.649994,0.017071708999999997,0.0047699804000000305,0.4,-0.006244342,0.8,0.8
1119,212.212006,0.013081263000000001,0.00698841380000003,0.4,-0.00615973,0.8,0.6
1120,214.98800699999998,0.011772703,-0.001057429999999969,0.4,,0.8,0.6
1121,217.518997,0.0,0.002488980000000031,0.2,,0.6,0.4
1122,217.518997,0.007755631,0.00993626120000003,0.0,,0.4,0.2
1123,219.205994,0.000255463,0.006573012000000031,0.0,,0.4,0.2
1124,219.26199300000002,0.004364646,0.00482968860000003,0.0,,0.2,0.4
1125,220.21899399999998,0.010725687,0.00462028540000003,0.0,,0.4,0.6
1126,222.580994,0.042038675,0.01302802040000003,0.0,-0.000255091,0.4,0.6
1127,231.938004,-0.004449456,0.010587003000000029,0.2,0.001602425,0.4,0.6
1128,230.90600600000002,-0.03077444,0.00438102240000003,0.4,0.0027033870000000002,0.2,0.6
1129,223.80000299999998,-0.0066175290000000005,0.002184587400000029,0.6,-4.57e-06,0.4,0.4
1130,222.31900000000002,-0.007169851,-0.0013945201999999706,0.8,0.003206315,0.2,0.4
1131,220.725006,-0.010279814,-0.01185821799999997,1.0,0.0015283879999999999,0.4,0.4
1132,218.455994,0.017509302,-0.00746646639999997,0.8,0.0014448339999999999,0.4,0.6
1133,222.28100600000002,-0.016956073000000002,-0.004702792999999971,0.8,0.00133892,0.4,0.4
1134,218.51199300000002,-0.00205937,-0.0037911611999999705,0.8,0.004698774,0.2,0.4
1135,218.061996,0.011868175,1.6444000000029325e-05,0.6,0.0038386509999999998,0.4,0.2
1136,220.649994,-0.011216819,-0.00017095699999997057,0.6,0.005104222,0.4,0.4
1137,218.17500299999998,-0.024837887000000003,-0.00864039479999997,0.8,-0.0006167669999999999,0.6,0.4
1138,212.755997,-0.013922008999999999,-0.00803358199999997,0.8,-0.002063675,0.8,0.6
1139,209.794006,0.015729658,-0.00447577639999997,0.6,-0.002524806,0.8,0.6
1140,213.09399399999998,0.011877416000000002,-0.004473928199999968,0.6,-0.000335514,0.6,0.6
1141,215.625,-0.00173913,-0.0025783903999999683,0.6,-0.000659066,0.6,0.4
1142,215.25,0.013328702,0.005054927400000032,0.4,0.0029807279999999998,0.4,0.4
1143,218.119003,0.010916046,0.010022538400000032,0.2,0.00550315,0.2,0.2
1144,220.5,0.007990898,0.008474786400000033,0.2,0.0032664940000000004,0.2,0.2
1145,222.26199300000002,-0.01822168,0.002454967200000032,0.4,-0.000442661,0.4,0.4
1146,218.212006,-0.008161815,0.0011704302000000322,0.4,0.00027095099999999996,0.2,0.6
1147,216.43099999999998,8.78e-05,-0.0014777501999999677,0.4,0.000523901,0.2,0.4
1148,216.44999700000002,-0.028066515,-0.009274262399999967,0.6,-0.001707865,0.4,0.6
1149,210.375,0.008646465,-0.009143148999999967,0.6,-0.003591305,0.6,0.8
1150,212.19400000000002,-0.001060379,-0.005710888799999967,0.6,-0.003288785,0.6,0.8
1151,211.96899399999998,-0.011855508,-0.006449627399999966,0.6,-0.003973977,0.8,0.6
1152,209.455994,-0.013697331,-0.009206653599999965,0.8,-0.005223499,1.0,0.8
1153,206.587006,0.008078877,-0.001977575199999966,0.6,-0.004406669,0.8,0.8
1154,208.255997,0.002881098,-0.003130648599999966,0.6,-0.002862592,0.6,0.8
1155,208.85600300000002,-0.010413888,-0.005001350399999966,0.6,-0.00159373,0.6,0.8
1156,206.68099999999998,0.00181439,-0.002267370799999966,0.4,-0.001534056,0.6,0.8
1157,207.05599999999998,-0.008601567,-0.0012482179999999663,0.4,-0.00018146200000000002,0.4,0.8
1158,205.274994,0.00045796599999999997,-0.0027724001999999666,0.4,-0.000809468,0.6,0.6
1159,205.369003,-0.003106603,-0.003969940399999966,0.6,-0.003080725,0.8,0.4
1160,204.73100300000002,0.007878587,-0.00031144539999996624,0.4,-0.003860776,0.8,0.2
1161,206.34399399999998,-0.011815163,-0.003037355999999966,0.6,-0.003783334,0.8,0.4
1162,203.90600600000002,-0.001471281,-0.0016112987999999666,0.6,-0.0069638980000000005,1.0,0.4
1163,203.60600300000002,0.009395568,0.0001762216000000335,0.6,-0.0078805,1.0,0.6
1164,205.51899699999998,0.008393414,0.0024762250000000333,0.4,-0.0036512840000000003,0.8,0.6
1165,207.244003,-0.002263076,0.0004478924000000335,0.6,-0.0017165379999999999,0.6,0.6
1166,206.774994,-0.003356305,0.0021396640000000333,0.6,0.000548593,0.4,0.6
1167,206.080994,-0.001635236,0.0021068730000000334,0.6,0.001541418,0.4,0.6
1168,205.744003,-0.023057795,-0.004383799599999966,0.8,0.000937145,0.4,0.6
1169,201.0,0.015671611999999998,-0.002928159999999967,0.8,0.0019272389999999999,0.4,0.6
1170,204.149994,0.011663052,-0.00014293439999996677,0.6,0.003146866,0.4,0.6
1171,206.53100600000002,0.011441338,0.0028165942000000334,0.4,0.000108679,0.6,0.4
1172,208.89399699999998,-0.010771013000000001,0.000989438800000033,0.4,0.002810225,0.4,0.4
1173,206.64399699999998,0.046819665999999996,0.014964931000000032,0.2,0.005950641,0.2,0.2
1174,216.31900000000002,-0.010318067,0.009766995200000031,0.4,0.001937933,0.4,0.4
1175,214.087006,-0.021281067,0.003178171400000031,0.6,-0.000593598,0.6,0.6
1176,209.53100600000002,-0.02469803,-0.0040497021999999685,0.8,-0.001651272,0.6,0.8
1177,204.35600300000002,0.003855987,-0.001124302199999969,0.6,-0.003257237,0.8,0.6
1178,205.14399699999998,-0.017733885,-0.014035012399999968,0.8,-0.004899936,1.0,0.8
1179,201.505997,-0.003811251,-0.01273364919999997,0.8,-0.0044299759999999995,1.0,0.8
1180,200.738007,0.001026178,-0.008272200199999968,0.6,-0.00627834,1.0,0.8
1181,200.94400000000002,0.0055040359999999995,-0.002231786999999969,0.4,-0.006051081,1.0,0.6
1182,202.050003,0.026077687999999998,0.0022125532000000303,0.4,-0.005376484,0.8,0.6
1183,207.31900000000002,-0.014653717,0.0028285868000000308,0.4,-0.001864915,0.6,0.6
1184,204.28100600000002,0.001013315,0.003793500000000031,0.2,-0.000988893,0.4,0.4
1185,204.488007,0.008156953,0.0052196550000000305,0.2,0.002582499,0.2,0.2
1186,206.15600600000002,0.014280447,0.006974937200000031,0.2,0.008810323,0.0,0.2
1187,209.100006,-0.019459588,-0.0021325179999999687,0.4,0.007751053000000001,0.2,0.4
1188,205.03100600000002,0.016002409,0.003998707200000031,0.2,0.0039019470000000002,0.4,0.4
1189,208.311996,-0.026369082000000002,-0.0014777721999999693,0.4,0.003714383,0.4,0.6
1190,202.81900000000002,-0.004900936,-0.004089349999999969,0.6,0.00036543199999999995,0.6,0.8
1191,201.824997,0.015235957,-0.0038982479999999696,0.6,-0.0045475870000000005,0.8,0.8
1192,204.899994,-0.000824749,-0.0001712801999999694,0.6,-0.006329217,0.8,0.8
1193,204.73100300000002,-0.019230096999999998,-0.007217781399999968,0.8,-0.00579523,0.8,0.8
1194,200.794006,-0.011768309,-0.004297626799999968,0.8,-0.0040337129999999995,0.8,0.6
1195,198.43099999999998,0.00406694,-0.0025040515999999683,0.6,-0.001402684,0.6,0.6
1196,199.238007,0.000185642,-0.005514114599999969,0.6,-0.0030824999999999997,0.6,0.8
1197,199.274994,0.010161881999999999,-0.003316788399999969,0.4,9.53e-05,0.4,0.6
1198,201.300003,0.0007451269999999999,0.0006782564000000303,0.2,0.001289579,0.2,0.6
1199,201.449997,-0.012469561,0.0005380060000000301,0.2,-0.000276109,0.2,0.8
1200,198.938004,0.010556002,0.0018358184000000302,0.2,0.001379465,0.2,0.6
1201,201.037994,0.0,0.0017986900000000303,0.2,0.001098788,0.2,0.6
1202,201.037994,-0.010634806,-0.0023606475999999694,0.4,0.000842682,0.2,0.8
1203,198.899994,0.00329817,-0.0018500389999999696,0.4,0.002922487,0.2,0.8
1204,199.55599999999998,-0.008363602,-0.0010288471999999695,0.4,0.0018557220000000002,0.4,0.8
1205,197.886993,-0.005113995,-0.004162846599999969,0.6,0.0006857030000000001,0.4,1.0
1206,196.875,-0.025239335,-0.00921071359999997,0.8,0.003210865,0.4,1.0
1207,191.90600600000002,-0.005080643,-0.00809988099999997,0.8,0.001123548,0.6,1.0
1208,190.93099999999998,-0.016105279,-0.01198057079999997,1.0,-0.004617674,0.8,0.8
1209,187.85600300000002,-0.017763638,-0.01386057799999997,1.0,-0.005937699,0.8,0.8
1210,184.51899699999998,0.004368114,-0.01196415619999997,0.8,-0.006345129000000001,0.8,0.6
1211,185.324997,0.009917696,-0.004932749999999969,0.6,-0.0077369280000000006,0.8,0.4
1212,187.162994,0.014222913,-0.001072038799999969,0.4,-0.009477277,0.8,0.4
1213,189.824997,-0.012643193,-0.00037962159999996927,0.4,-0.0064370009999999995,0.6,0.6
1214,187.425003,0.02891285,0.008955676000000032,0.2,-0.0019161129999999999,0.4,0.4
1215,192.84399399999998,-0.011765972,0.005728858800000032,0.4,-0.002601455,0.6,0.6
1216,190.574997,-0.004328989,0.0028795218000000323,0.6,-4.0799999999999996e-05,0.4,0.8
1217,189.75,-0.031620552999999996,-0.006289171399999967,0.8,0.003778703,0.2,0.8
1218,183.75,-0.013268048999999999,-0.006414142599999967,0.8,0.00115873,0.4,0.8
1219,181.311996,0.019860782,-0.008224556199999965,0.8,-0.00208544,0.6,0.8
1220,184.912994,0.003142067,-0.005242948399999966,0.6,-0.001144354,0.4,0.8
1221,185.494003,-0.025472553999999998,-0.009471661399999966,0.6,-0.002594745,0.6,0.8
1222,180.76899699999998,0.04304391900000001,0.005461233000000035,0.4,-0.004480755,0.8,0.6
1223,188.550003,0.027250071,0.013564857000000036,0.2,-0.004235585,0.8,0.4
1224,193.688004,0.015581708,0.012709042200000038,0.2,-0.003993974,0.8,0.4
1225,196.705994,0.008866039000000001,0.013853836600000039,0.2,-0.004617176,0.8,0.2
1226,198.449997,-0.032597602,0.012428827000000036,0.2,-0.006947366,0.8,0.2
1227,191.98100300000002,0.003906637,0.004601370600000036,0.2,-0.009712554,0.8,0.2
1228,192.73100300000002,,,0.2,,0.6,
